uid,D11,D22,D33,max_offdiag,phi,seconds
0,0.782642,0.782650,0.782642,3.123e-05,0.868683,0.27
1,0.753160,0.753147,0.753148,9.868e-05,0.848907,0.29
2,0.708490,0.708383,0.708493,1.031e-04,0.818054,0.28
3,0.639896,0.639894,0.639894,5.536e-05,0.770660,0.25
4,0.590710,0.590645,0.590699,2.258e-04,0.732452,0.25
5,0.569923,0.569923,0.569923,3.858e-16,0.718750,0.21
8,0.434288,0.434288,0.434288,6.349e-16,0.603027,0.18
9,0.411981,0.411981,0.411981,6.455e-16,0.580566,0.17
6,0.513950,0.513945,0.513947,2.033e-04,0.671600,0.23
7,0.470005,0.470005,0.470005,5.619e-16,0.633789,0.19
20,0.421376,0.421376,0.421376,1.230e-04,0.594482,0.22
21,0.380278,0.380278,0.380278,2.388e-05,0.557495,0.21
12,0.802568,0.802797,0.802600,5.123e-04,0.882080,0.30
13,0.763380,0.763505,0.763364,5.414e-04,0.854797,0.35
10,0.362548,0.362548,0.362548,7.193e-05,0.535797,0.32
11,0.323199,0.323269,0.323190,9.485e-05,0.492096,0.36
14,0.697541,0.697512,0.697484,4.686e-04,0.811890,0.57
15,0.663371,0.663456,0.663335,8.635e-04,0.788025,0.57
18,0.509188,0.509188,0.509188,1.542e-05,0.670563,0.50
19,0.476386,0.476122,0.476371,1.618e-04,0.637390,0.51
16,0.614236,0.614077,0.614081,6.305e-05,0.750580,0.51
17,0.541258,0.541268,0.541270,3.249e-04,0.696106,0.48
22,0.360402,0.360227,0.360432,1.473e-04,0.531525,0.41
23,0.325353,0.325245,0.325468,1.711e-04,0.496155,0.48
24,0.815367,0.815367,0.696024,6.960e-17,0.869141,0.75
25,0.769251,0.769291,0.639309,1.994e-05,0.835052,0.59
26,0.746828,0.746826,0.599422,1.022e-04,0.816681,0.56
27,0.681913,0.681936,0.519160,1.278e-04,0.768219,0.52
28,0.643173,0.643173,0.491047,2.515e-16,0.738281,0.50
29,0.600821,0.600940,0.434940,3.764e-04,0.704620,0.49
36,0.832521,0.757500,0.757500,1.605e-16,0.871094,0.52
37,0.802446,0.708426,0.708426,1.450e-04,0.842651,0.63
38,0.756021,0.644218,0.644332,4.183e-04,0.804260,0.63
39,0.728749,0.597729,0.597532,2.635e-04,0.779480,0.55
30,0.557312,0.557312,0.396181,3.584e-16,0.666992,0.46
31,0.516650,0.516650,0.349639,4.221e-04,0.633423,0.63
40,0.669703,0.537365,0.537411,7.483e-05,0.732513,0.47
41,0.633570,0.483414,0.483271,4.519e-04,0.696381,0.43
32,0.474707,0.474632,0.315302,6.509e-05,0.596039,0.43
33,0.437870,0.437870,0.278395,3.630e-05,0.560425,0.41
42,0.617636,0.466737,0.466740,1.889e-04,0.682800,0.52
43,0.567366,0.411134,0.411192,3.751e-04,0.635681,0.44
34,0.398193,0.398193,0.246794,9.204e-05,0.526428,0.42
35,0.369784,0.369784,0.222296,5.298e-16,0.494141,0.34
44,0.537287,0.364526,0.364575,6.002e-04,0.604340,0.48
45,0.487929,0.336624,0.336891,9.291e-05,0.564270,0.47
46,0.447783,0.287167,0.287178,3.938e-04,0.522583,0.43
47,0.425556,0.272361,0.272315,3.590e-04,0.502869,0.40
48,0.835284,0.835301,0.649157,2.082e-05,0.873535,4.45
49,0.799268,0.799429,0.590193,7.343e-05,0.844971,4.61
50,0.743652,0.743643,0.509845,1.169e-04,0.801848,4.09
51,0.716203,0.716254,0.479774,6.005e-05,0.779704,3.93
52,0.678394,0.678394,0.440556,2.147e-11,0.750506,3.85
53,0.632728,0.632728,0.394495,9.501e-16,0.713108,3.71
60,0.857657,0.751677,0.751744,7.611e-05,0.877731,3.96
61,0.814171,0.672745,0.672672,3.357e-04,0.836381,4.10
62,0.789579,0.627123,0.627385,2.933e-05,0.813187,3.73
63,0.740259,0.561871,0.561842,2.155e-05,0.769287,3.47
54,0.591102,0.591141,0.348010,1.631e-05,0.678720,3.87
55,0.537478,0.537478,0.299934,1.413e-15,0.634115,3.25
64,0.697537,0.507629,0.507706,2.758e-05,0.732359,3.64
65,0.670330,0.476703,0.476703,3.565e-16,0.705729,2.97
66,0.634834,0.421037,0.420915,9.759e-05,0.671025,3.38
67,0.596361,0.374349,0.374387,1.039e-04,0.633825,3.72
68,0.569457,0.348795,0.348816,4.449e-05,0.608679,3.13
69,0.526933,0.301395,0.300730,1.777e-04,0.569671,3.52
58,0.412766,0.412766,0.201578,1.798e-15,0.524306,2.54
59,0.393050,0.393050,0.184837,1.803e-15,0.503906,2.40
56,0.488649,0.488649,0.262237,1.565e-15,0.592448,3.15
57,0.459089,0.459089,0.237150,1.668e-15,0.566840,3.02
70,0.483809,0.259086,0.258537,3.582e-04,0.525490,2.85
71,0.455334,0.240015,0.240015,5.652e-16,0.498698,2.24
72,0.828598,0.828896,0.772778,5.321e-04,0.887903,4.05
73,0.765273,0.765272,0.689825,7.311e-05,0.841761,3.69
96,0.556081,0.556081,0.556081,5.718e-04,0.883875,0.67
97,0.522964,0.522966,0.522967,4.972e-04,0.846375,0.93
98,0.491454,0.491439,0.491468,2.401e-05,0.809387,0.75
99,0.457908,0.458004,0.458052,4.325e-07,0.769165,0.65
74,0.711742,0.711733,0.616220,2.202e-04,0.801062,3.64
75,0.659701,0.660008,0.560440,1.745e-04,0.764884,3.85
100,0.438511,0.438542,0.438604,1.032e-04,0.745911,0.67
101,0.401504,0.401504,0.401504,5.338e-05,0.699829,0.56
102,0.381611,0.381572,0.381620,3.231e-05,0.669952,0.61
103,0.352322,0.352295,0.352265,1.593e-04,0.631897,0.55
106,0.278474,0.278468,0.278488,7.406e-05,0.528015,0.53
107,0.259959,0.259959,0.259959,4.202e-16,0.500977,0.26
104,0.336489,0.336467,0.336513,5.310e-05,0.611450,0.52
105,0.316169,0.316161,0.316183,3.174e-05,0.580414,0.55
76,0.626659,0.626671,0.538266,1.103e-04,0.741989,3.95
77,0.589264,0.589264,0.497945,2.799e-16,0.708333,2.97
78,0.554523,0.554441,0.464321,2.598e-04,0.682680,3.58
79,0.493401,0.493424,0.385626,3.972e-05,0.626374,2.99
108,0.555860,0.555857,0.555859,9.267e-05,0.882785,0.56
109,0.519691,0.519691,0.519691,3.761e-04,0.842041,0.57
112,0.441934,0.441934,0.441934,2.631e-04,0.750600,0.67
113,0.403685,0.403685,0.403685,1.090e-03,0.703125,0.70
110,0.501730,0.501731,0.501730,1.552e-03,0.821682,0.63
111,0.454567,0.454573,0.454565,4.390e-04,0.767629,0.76
84,0.866352,0.803610,0.735758,4.432e-05,0.888111,4.04
85,0.813663,0.734447,0.648696,1.033e-16,0.842448,3.78
80,0.452415,0.452848,0.361199,3.907e-04,0.592394,3.08
81,0.419726,0.419726,0.313447,5.387e-16,0.559028,2.32
114,0.382061,0.382064,0.382055,9.390e-04,0.670475,0.64
115,0.364000,0.364001,0.364014,9.914e-05,0.648735,0.58
116,0.326696,0.326756,0.326706,2.346e-04,0.592194,0.64
117,0.301974,0.301972,0.302029,1.477e-04,0.560760,0.57
118,0.283175,0.283074,0.283111,1.851e-04,0.535858,0.58
119,0.262809,0.262867,0.262806,7.262e-05,0.504517,0.60
120,0.627621,0.627621,0.354272,1.992e-04,0.872106,0.69
121,0.606064,0.606064,0.336245,2.196e-04,0.849175,0.63
122,0.575482,0.575482,0.312917,5.952e-17,0.816500,0.30
123,0.538107,0.538107,0.287910,3.640e-05,0.776611,0.76
82,0.395451,0.395451,0.298971,1.778e-04,0.539686,2.50
83,0.355266,0.355266,0.264487,5.674e-16,0.498264,2.01
86,0.765643,0.670223,0.571205,3.694e-05,0.800013,3.77
87,0.729487,0.626164,0.521216,2.513e-16,0.769531,3.75
124,0.511620,0.511620,0.267956,2.207e-04,0.745361,0.86
125,0.471474,0.470921,0.237283,6.364e-05,0.700470,0.78
130,0.327231,0.327231,0.144628,6.131e-17,0.523438,0.36
131,0.320109,0.320099,0.142229,1.903e-05,0.511017,0.61
132,0.735658,0.432197,0.432197,1.085e-04,0.876276,0.56
133,0.703486,0.406630,0.406630,2.064e-16,0.843750,0.24
126,0.436268,0.436294,0.219116,4.636e-05,0.665009,0.86
127,0.422548,0.422627,0.206592,3.926e-05,0.644745,0.67
134,0.669084,0.379607,0.379607,4.567e-04,0.808160,0.70
135,0.641211,0.358250,0.358247,1.285e-03,0.780967,0.70
128,0.382735,0.382731,0.189111,3.156e-06,0.596252,0.72
129,0.367115,0.367116,0.173294,6.761e-05,0.576019,0.82
140,0.480483,0.245293,0.245242,1.344e-04,0.611938,0.97
141,0.451923,0.217680,0.217680,2.316e-16,0.574219,0.54
136,0.601275,0.328213,0.328239,1.196e-04,0.739876,0.82
137,0.573223,0.308273,0.308273,9.080e-05,0.709221,0.89
88,0.693895,0.572915,0.478432,8.687e-05,0.738137,4.15
89,0.668821,0.546977,0.448632,5.028e-05,0.714627,4.08
138,0.537855,0.282793,0.282754,3.197e-05,0.675537,0.71
139,0.504030,0.266594,0.266511,8.940e-05,0.638611,0.67
142,0.408747,0.197392,0.197325,2.803e-05,0.530823,0.61
143,0.377993,0.182118,0.181555,1.901e-05,0.501434,0.58
90,0.623349,0.489519,0.387862,4.225e-05,0.673114,3.66
91,0.594890,0.456388,0.357128,4.711e-16,0.646267,3.43
92,0.560318,0.415384,0.322652,3.341e-05,0.613543,3.16
93,0.524731,0.368335,0.291648,5.332e-16,0.579861,2.63
94,0.465346,0.314902,0.240014,5.161e-05,0.523781,2.72
95,0.443942,0.293370,0.214342,5.367e-05,0.501501,2.63
156,0.803121,0.376554,0.376554,3.526e-17,0.880142,1.14
157,0.766307,0.347873,0.347873,3.807e-04,0.843048,4.12
154,0.341845,0.341845,0.099218,7.532e-17,0.523438,2.70
155,0.312432,0.312453,0.088428,2.041e-05,0.489032,3.90
144,0.651656,0.651656,0.277170,1.828e-04,0.870575,4.30
145,0.630708,0.630708,0.263139,1.111e-05,0.849444,4.54
146,0.598089,0.598089,0.243310,7.461e-05,0.815538,5.63
147,0.559315,0.559315,0.218728,2.798e-05,0.775125,6.55
158,0.739116,0.327968,0.327968,5.572e-04,0.815353,4.33
159,0.706163,0.304331,0.304331,1.321e-04,0.782526,4.42
148,0.517408,0.517477,0.199132,2.405e-05,0.735523,6.07
149,0.496051,0.496051,0.184378,5.472e-05,0.709310,5.59
160,0.674980,0.282456,0.282457,3.446e-04,0.750921,4.98
161,0.620736,0.246270,0.246270,2.928e-04,0.696500,5.74
150,0.460882,0.460998,0.160680,2.020e-05,0.668801,5.48
151,0.443496,0.443493,0.154416,1.105e-05,0.646421,5.32
162,0.601277,0.240139,0.240084,5.793e-05,0.682554,5.48
163,0.559748,0.212440,0.212295,3.465e-05,0.636565,4.81
168,0.607662,0.607662,0.433511,9.062e-06,0.881165,3.75
169,0.577774,0.577774,0.404781,1.514e-03,0.847961,3.76
152,0.404249,0.404256,0.134625,1.257e-05,0.601997,5.13
153,0.377469,0.377466,0.113159,1.433e-05,0.565457,4.71
172,0.481025,0.481025,0.329244,5.605e-17,0.739583,1.03
173,0.462939,0.462939,0.313806,2.390e-04,0.717500,5.74
164,0.529673,0.191652,0.191600,4.338e-05,0.602738,4.90
165,0.498703,0.171337,0.171217,6.227e-05,0.571407,4.34
195,0.681422,0.681422,0.681422,7.633e-05,0.777527,0.49
166,0.472801,0.160905,0.160893,3.273e-05,0.546450,4.72
167,0.434834,0.142707,0.142728,1.559e-04,0.506321,4.14
170,0.553597,0.553597,0.385350,3.206e-04,0.820618,3.88
171,0.510751,0.510748,0.349894,4.612e-05,0.773200,4.19
196,0.620428,0.620428,0.620428,7.455e-05,0.738831,0.43
197,0.579573,0.579573,0.579769,4.196e-05,0.710022,0.46
198,0.541393,0.541393,0.541752,2.973e-04,0.682434,0.52
199,0.485715,0.485715,0.485772,1.718e-04,0.638702,0.45
200,0.452939,0.452939,0.452939,3.056e-05,0.612488,0.34
201,0.395388,0.395388,0.395388,6.086e-06,0.562439,0.39
174,0.424844,0.424744,0.294778,3.857e-05,0.678259,5.26
175,0.399416,0.399426,0.265831,1.131e-04,0.645327,4.86
202,0.371349,0.371349,0.371412,1.092e-04,0.541321,0.28
203,0.319939,0.319939,0.319939,3.491e-05,0.493591,0.41
186,0.558289,0.305420,0.201965,1.658e-05,0.665383,5.53
187,0.524371,0.273799,0.186198,6.430e-16,0.630208,3.57
207,0.656781,0.656781,0.656781,5.341e-04,0.765625,0.61
176,0.373505,0.373621,0.237662,8.280e-05,0.607512,4.66
177,0.339863,0.339870,0.214367,2.582e-05,0.561641,4.20
180,0.776892,0.478188,0.345281,2.539e-05,0.886536,4.06
181,0.725173,0.433696,0.307973,6.271e-05,0.833801,4.41
208,0.644907,0.644907,0.644907,1.183e-03,0.753906,0.54
209,0.568417,0.568417,0.568417,7.022e-05,0.702271,0.50
210,0.529268,0.529268,0.529268,2.992e-17,0.675781,0.19
211,0.475134,0.475134,0.475399,1.456e-04,0.631775,0.49
182,0.704260,0.416039,0.293434,2.572e-04,0.812864,5.02
183,0.670570,0.386705,0.271065,1.546e-05,0.778429,4.96
212,0.450037,0.450037,0.449960,8.883e-04,0.608826,0.40
213,0.389779,0.389779,0.389482,1.555e-04,0.562561,0.42
220,0.645118,0.645118,0.578858,1.674e-16,0.744629,0.30
221,0.608443,0.608443,0.534737,2.994e-06,0.718140,0.46
214,0.371933,0.371933,0.371935,9.775e-05,0.546570,0.47
215,0.321254,0.321254,0.320514,4.347e-06,0.495728,0.39
184,0.619820,0.345083,0.247198,1.091e-04,0.730315,5.77
185,0.607923,0.331775,0.236351,4.574e-16,0.716869,5.65
178,0.328159,0.328044,0.203169,2.212e-04,0.544596,4.04
179,0.281644,0.281723,0.186885,4.176e-05,0.494602,3.88
224,0.468559,0.468559,0.391541,6.538e-05,0.610168,0.45
225,0.411749,0.411749,0.341537,8.480e-17,0.563721,0.25
222,0.538995,0.538995,0.454210,1.835e-05,0.665649,0.42
223,0.516523,0.516523,0.446419,5.394e-05,0.648621,0.45
226,0.386145,0.386145,0.325809,1.378e-16,0.540039,0.20
227,0.348214,0.348214,0.287408,5.608e-07,0.507690,0.33
234,0.567871,0.498664,0.498664,8.208e-05,0.673157,0.44
235,0.511768,0.459173,0.459173,3.079e-17,0.636719,0.20
232,0.657866,0.595675,0.595675,2.783e-05,0.739258,0.49
233,0.603339,0.538606,0.538606,1.906e-05,0.700989,0.47
238,0.397162,0.348609,0.348609,1.532e-04,0.541809,0.39
239,0.363944,0.311461,0.311461,5.802e-08,0.506714,0.33
236,0.468638,0.413336,0.413336,2.045e-05,0.598328,0.57
237,0.453530,0.386689,0.386584,1.987e-04,0.581085,0.47
188,0.500589,0.261447,0.167053,6.711e-06,0.602774,5.14
189,0.476276,0.244605,0.151448,1.170e-05,0.576054,5.12
190,0.444694,0.216261,0.142062,1.931e-06,0.541857,4.72
191,0.405518,0.198788,0.121614,2.811e-05,0.499647,4.32
243,0.685737,0.685737,0.579740,2.816e-17,0.765408,1.53
255,0.709165,0.641622,0.641622,1.061e-16,0.772135,1.17
246,0.551483,0.551483,0.433922,2.311e-05,0.671043,3.10
247,0.502307,0.502307,0.391066,1.278e-16,0.633247,1.29
244,0.643508,0.643508,0.525802,1.788e-04,0.737675,3.50
245,0.606696,0.606696,0.497566,2.383e-05,0.712927,3.22
248,0.466461,0.466461,0.363685,5.858e-06,0.604185,2.49
249,0.435036,0.435036,0.330399,1.322e-16,0.576389,1.15
256,0.657730,0.576500,0.576438,8.792e-04,0.735288,3.64
257,0.608518,0.517780,0.517780,3.419e-17,0.695312,1.09
267,0.679273,0.679273,0.630754,4.766e-06,0.766457,3.29
258,0.574386,0.488749,0.488433,2.959e-05,0.672987,3.23
259,0.516345,0.438699,0.438699,3.310e-08,0.630425,2.95
262,0.396851,0.331506,0.331578,5.865e-06,0.533511,3.07
263,0.363720,0.293229,0.293229,2.715e-17,0.497396,0.82
250,0.374696,0.374696,0.282182,1.911e-05,0.526349,2.69
251,0.336442,0.336442,0.249116,1.793e-05,0.490777,2.19
260,0.500176,0.415850,0.415850,6.008e-05,0.613064,3.29
261,0.448238,0.375434,0.375434,3.260e-05,0.573857,3.04
288,0.543952,0.543952,0.543952,6.549e-17,0.890076,0.38
289,0.521102,0.521102,0.521102,3.398e-05,0.843811,0.61
290,0.470570,0.470570,0.470547,4.700e-05,0.817352,0.71
291,0.417341,0.417341,0.417341,5.293e-16,0.766602,0.43
268,0.624344,0.624344,0.579646,5.562e-06,0.732811,3.36
269,0.584151,0.584151,0.544809,4.175e-06,0.706525,3.31
279,0.708251,0.660585,0.622005,2.118e-08,0.772081,3.13
292,0.393454,0.393454,0.394240,6.841e-05,0.736084,0.63
293,0.364041,0.364041,0.363420,4.441e-05,0.702759,0.53
270,0.527164,0.527164,0.473722,7.777e-06,0.662001,3.09
271,0.500859,0.500859,0.462064,1.127e-05,0.643012,3.03
294,0.324101,0.324101,0.324101,2.012e-07,0.666077,0.43
295,0.287499,0.287499,0.287402,7.997e-05,0.628845,0.46
296,0.265112,0.265112,0.265750,6.762e-08,0.607422,0.42
297,0.232730,0.232730,0.232712,5.291e-06,0.573914,0.53
300,0.538885,0.538885,0.538886,1.541e-03,0.885862,0.67
301,0.490930,0.490930,0.490895,8.926e-05,0.836447,0.59
298,0.184006,0.184006,0.183908,6.670e-06,0.527222,0.39
299,0.129010,0.129010,0.130709,2.789e-05,0.485565,0.36
302,0.464755,0.464755,0.464755,8.370e-17,0.812555,0.25
303,0.426044,0.426044,0.425927,3.638e-05,0.771049,0.69
304,0.398981,0.398981,0.398987,3.427e-03,0.744591,0.71
305,0.409171,0.409171,0.408174,3.082e-03,0.716980,0.89
306,0.340699,0.340699,0.336960,2.516e-03,0.676666,0.68
307,0.291458,0.291458,0.291458,6.190e-05,0.633179,0.53
308,0.284859,0.284859,0.285051,1.157e-04,0.615662,0.62
309,0.234923,0.234923,0.234165,1.760e-04,0.577942,0.65
272,0.454954,0.454954,0.411675,2.434e-05,0.605252,2.88
273,0.419757,0.419757,0.375068,4.006e-05,0.574074,2.64
312,0.567483,0.567483,0.463981,5.997e-04,0.887524,0.62
313,0.531683,0.531683,0.430441,1.153e-04,0.852437,0.64
314,0.490150,0.490150,0.398711,2.857e-05,0.813637,0.70
315,0.474696,0.474696,0.379000,2.023e-05,0.778687,0.79
310,0.164257,0.164257,0.159151,2.076e-04,0.527283,0.82
311,0.121235,0.121235,0.121254,2.208e-05,0.495239,0.64
274,0.382864,0.382864,0.345048,3.528e-05,0.541956,2.47
275,0.327197,0.327197,0.295509,2.173e-17,0.493056,0.72
316,0.411059,0.411059,0.322952,2.884e-07,0.735840,0.68
317,0.379987,0.379987,0.306950,2.290e-05,0.709351,0.64
318,0.352060,0.352060,0.285716,1.768e-04,0.680908,0.63
319,0.294011,0.294011,0.236371,1.174e-05,0.629456,0.47
280,0.666543,0.609887,0.569804,8.766e-05,0.741292,3.78
281,0.612731,0.560143,0.515372,3.387e-17,0.704427,1.33
324,0.581080,0.494329,0.494329,2.705e-05,0.877141,0.63
325,0.538106,0.454487,0.454487,3.123e-03,0.836000,0.79
326,0.498941,0.421761,0.421761,5.949e-04,0.801025,0.68
327,0.460403,0.388781,0.388781,8.702e-05,0.765625,0.71
322,0.211959,0.211959,0.151850,7.788e-17,0.545898,0.31
323,0.144002,0.144002,0.123609,2.870e-08,0.500244,0.51
328,0.514429,0.416348,0.416167,3.587e-05,0.753021,0.75
329,0.399175,0.329419,0.329419,1.488e-04,0.703857,0.80
320,0.274738,0.274738,0.209829,6.939e-06,0.603821,0.49
321,0.249730,0.249730,0.205472,8.654e-06,0.577576,0.55
282,0.555991,0.500829,0.457626,3.393e-06,0.662010,3.49
283,0.524252,0.472079,0.426891,3.583e-17,0.638021,1.20
330,0.337958,0.302649,0.302649,5.087e-06,0.667236,0.61
331,0.320292,0.253514,0.253780,3.751e-05,0.633972,0.85
332,0.301496,0.243567,0.243567,1.027e-05,0.611938,0.63
333,0.260285,0.217020,0.217020,6.720e-07,0.575317,0.66
334,0.168583,0.166049,0.166049,2.423e-17,0.533203,0.28
335,0.133474,0.107773,0.107773,3.068e-07,0.489166,0.61
284,0.478484,0.426235,0.379885,3.593e-06,0.598750,3.04
285,0.428151,0.381294,0.340949,2.759e-17,0.558594,1.02
286,0.395206,0.349733,0.310339,3.806e-17,0.531395,1.52
287,0.349381,0.311231,0.274297,9.725e-06,0.492468,2.24
348,0.591102,0.474026,0.474037,1.181e-04,0.874856,4.18
349,0.559075,0.446978,0.446978,2.089e-04,0.845467,4.14
338,0.482767,0.482767,0.342170,1.621e-05,0.802192,5.72
339,0.447430,0.447430,0.322103,5.066e-16,0.769531,2.71
336,0.580287,0.580287,0.421022,8.095e-04,0.891594,4.48
337,0.538277,0.538277,0.388928,6.961e-05,0.852159,4.99
354,0.354394,0.277484,0.277484,2.715e-16,0.667969,2.04
355,0.320519,0.255838,0.255838,1.213e-10,0.629123,3.40
352,0.460029,0.353567,0.353619,3.180e-05,0.743481,5.08
353,0.415396,0.325288,0.325288,1.738e-16,0.712240,1.93
350,0.514644,0.411700,0.411700,2.012e-05,0.807780,4.48
351,0.477713,0.379396,0.379396,1.726e-05,0.772687,5.13
340,0.424879,0.424879,0.300029,2.945e-05,0.745859,5.11
341,0.391100,0.391100,0.277514,1.438e-05,0.710142,5.00
346,0.192845,0.192845,0.129638,4.405e-06,0.529423,3.37
347,0.154065,0.154065,0.099563,1.541e-16,0.495009,1.98
342,0.351932,0.351932,0.251771,5.923e-05,0.680565,4.35
343,0.319204,0.319204,0.223699,2.238e-05,0.644043,4.14
344,0.281227,0.281227,0.184155,4.482e-07,0.607892,3.95
345,0.237220,0.237220,0.156004,6.327e-06,0.564200,4.34
356,0.277559,0.217889,0.217883,3.020e-05,0.593397,4.47
357,0.258889,0.181500,0.181476,8.765e-06,0.559154,4.53
362,0.488066,0.488066,0.430460,6.658e-04,0.818576,4.94
363,0.442790,0.442790,0.391218,9.389e-17,0.776000,1.07
360,0.560897,0.560897,0.499269,1.718e-04,0.890381,4.32
361,0.516825,0.516825,0.456891,1.188e-04,0.846392,4.17
384,0.807374,0.807482,0.807538,1.647e-04,0.878418,0.56
385,0.766222,0.766262,0.766300,2.193e-05,0.853424,0.51
364,0.416989,0.416989,0.359343,2.267e-07,0.740451,5.16
365,0.376263,0.376263,0.340756,2.017e-05,0.710286,5.46
386,0.691340,0.691340,0.691340,6.005e-05,0.802185,0.56
387,0.636086,0.636112,0.636059,5.271e-05,0.765472,0.46
358,0.185486,0.168365,0.168275,6.139e-06,0.534333,4.65
359,0.137885,0.126219,0.126215,5.076e-06,0.500416,3.71
366,0.342683,0.342683,0.304262,2.363e-05,0.679055,5.21
367,0.309337,0.309337,0.251496,1.515e-05,0.636556,4.68
388,0.610793,0.610788,0.610814,1.428e-04,0.745361,0.46
389,0.548182,0.548147,0.548193,1.050e-04,0.697021,0.55
372,0.587457,0.514318,0.450867,3.023e-05,0.877151,4.49
373,0.540172,0.469497,0.412249,1.437e-04,0.833659,5.47
390,0.526726,0.526761,0.526538,2.656e-04,0.678375,0.45
391,0.488706,0.488679,0.488728,1.259e-04,0.649811,0.45
392,0.439809,0.439810,0.439809,1.413e-04,0.603546,0.39
393,0.409302,0.409312,0.409249,1.461e-04,0.577942,0.43
368,0.270342,0.270342,0.247760,1.212e-05,0.609682,4.95
369,0.244329,0.244329,0.205054,1.809e-05,0.567781,3.03
374,0.509766,0.445261,0.388849,1.429e-16,0.806438,1.31
375,0.517557,0.437039,0.378638,2.147e-05,0.784921,5.80
394,0.363673,0.363677,0.363664,8.531e-05,0.534821,0.32
395,0.320697,0.320648,0.320584,2.605e-04,0.491974,0.30
396,0.794724,0.794669,0.794670,6.826e-04,0.868896,0.54
397,0.777306,0.777401,0.776866,5.596e-04,0.856293,0.54
400,0.596196,0.596196,0.596154,3.567e-04,0.733704,0.45
401,0.567689,0.567621,0.567759,9.435e-04,0.710175,0.54
398,0.697412,0.697513,0.697545,4.391e-04,0.804169,0.51
399,0.654854,0.654899,0.654979,8.337e-04,0.776123,0.55
402,0.512198,0.512259,0.511051,7.973e-04,0.665131,0.53
403,0.483547,0.483713,0.483842,6.380e-04,0.643494,0.51
404,0.443877,0.443709,0.443685,3.002e-04,0.609467,0.51
405,0.397504,0.397404,0.397353,7.539e-04,0.573517,0.44
370,0.200456,0.200456,0.179695,4.538e-06,0.540835,4.44
371,0.149194,0.149194,0.152836,4.572e-06,0.500181,3.83
406,0.357616,0.357626,0.357674,1.377e-03,0.528900,0.49
407,0.317972,0.317912,0.317640,3.294e-04,0.489716,0.57
408,0.831145,0.831140,0.684303,3.898e-05,0.872559,0.72
409,0.803789,0.803789,0.641934,2.282e-04,0.851013,0.63
376,0.437020,0.384605,0.329046,8.407e-06,0.742658,5.38
377,0.404097,0.353568,0.304395,4.158e-06,0.713270,6.21
410,0.742938,0.742938,0.575269,5.485e-05,0.806854,0.67
411,0.707437,0.707451,0.515722,7.450e-05,0.777374,0.60
412,0.679443,0.679443,0.459063,8.265e-05,0.751587,0.55
413,0.620051,0.620051,0.385881,1.445e-04,0.700684,0.50
414,0.586766,0.586766,0.334402,1.789e-04,0.670898,0.50
415,0.557517,0.557514,0.309253,1.158e-04,0.644928,0.49
416,0.503764,0.503752,0.262363,4.846e-04,0.598419,0.45
417,0.464553,0.464669,0.228926,4.066e-04,0.559692,0.42
420,0.845394,0.770819,0.770819,1.591e-04,0.872620,0.54
421,0.797723,0.689764,0.689816,1.858e-04,0.836151,0.57
418,0.439129,0.439135,0.202880,1.834e-04,0.536682,0.41
419,0.411036,0.411036,0.182318,7.011e-05,0.509338,0.40
380,0.295283,0.250607,0.219444,1.485e-16,0.608507,2.12
381,0.267015,0.210943,0.197688,4.105e-07,0.575855,4.34
422,0.751968,0.648165,0.648201,7.437e-05,0.799194,0.50
423,0.740291,0.632518,0.632520,2.166e-04,0.787994,0.46
424,0.694061,0.563755,0.563756,1.081e-04,0.746002,0.48
425,0.649079,0.491155,0.491171,2.130e-04,0.699677,0.44
378,0.367180,0.315966,0.273952,1.790e-05,0.675302,4.68
379,0.330846,0.283405,0.247710,9.471e-07,0.645571,5.18
426,0.627952,0.460845,0.460879,2.049e-04,0.680359,0.59
427,0.568165,0.411343,0.411282,1.129e-04,0.631897,0.75
428,0.534720,0.380687,0.380650,8.896e-04,0.599915,0.55
429,0.509064,0.352829,0.352803,2.085e-04,0.580719,0.46
430,0.463144,0.303788,0.303788,1.392e-03,0.529968,0.47
431,0.446027,0.277991,0.278006,2.895e-04,0.510925,0.48
382,0.224854,0.195081,0.159418,1.090e-05,0.544786,4.78
383,0.167675,0.144097,0.122034,2.722e-06,0.504829,4.17
432,0.843898,0.843889,0.615570,1.128e-04,0.872495,4.08
433,0.797814,0.797815,0.525111,4.307e-05,0.835386,3.86
434,0.769264,0.769261,0.479007,3.167e-05,0.811089,3.76
435,0.718869,0.718869,0.402055,1.832e-16,0.766493,3.13
444,0.851387,0.742228,0.742225,3.042e-04,0.868028,3.81
445,0.831614,0.704078,0.704063,1.494e-04,0.850541,3.69
436,0.698114,0.698124,0.356426,1.394e-04,0.746121,3.60
437,0.651797,0.651797,0.290826,1.568e-05,0.703297,3.38
438,0.626439,0.626439,0.257751,4.440e-05,0.679371,3.39
439,0.578363,0.578363,0.202488,1.111e-09,0.635272,3.07
446,0.774430,0.621120,0.621120,1.475e-04,0.799244,3.51
447,0.753883,0.591864,0.591804,1.705e-05,0.780653,3.75
448,0.706565,0.526085,0.526072,1.514e-04,0.734755,3.57
449,0.677398,0.483360,0.483355,1.197e-04,0.707176,3.51
440,0.544472,0.544472,0.177942,1.409e-04,0.603172,3.20
441,0.505505,0.505475,0.148998,1.187e-04,0.565547,2.77
442,0.472803,0.472824,0.125995,9.250e-05,0.533836,2.76
443,0.435793,0.435796,0.105039,1.631e-04,0.499141,2.60
450,0.642201,0.434143,0.434143,3.409e-04,0.675166,3.37
451,0.595161,0.390577,0.390614,9.938e-04,0.630832,3.38
452,0.576242,0.367622,0.367661,4.453e-04,0.613046,2.97
453,0.538344,0.325375,0.325364,2.569e-04,0.577637,3.24
456,0.825286,0.825259,0.743838,1.831e-04,0.875543,3.72
457,0.796834,0.796762,0.695136,2.519e-04,0.854818,3.76
458,0.747439,0.747452,0.640306,1.243e-04,0.821506,3.64
459,0.700541,0.700546,0.604090,4.089e-05,0.788249,3.63
454,0.486588,0.273313,0.273332,3.719e-04,0.524812,2.91
455,0.456987,0.251231,0.251232,5.553e-05,0.495343,2.60
480,0.562616,0.562616,0.562616,5.559e-04,0.891479,0.64
481,0.517727,0.517727,0.517727,7.570e-04,0.842293,0.61
482,0.500532,0.500530,0.500520,1.018e-03,0.821949,0.61
483,0.464704,0.464705,0.464707,8.780e-05,0.780460,0.59
460,0.647189,0.647135,0.526980,5.657e-04,0.745931,3.54
461,0.613273,0.613276,0.470000,5.507e-05,0.715495,3.24
484,0.425571,0.425569,0.425550,1.930e-04,0.733063,0.66
485,0.404236,0.404229,0.404328,1.971e-04,0.707153,0.63
486,0.365867,0.365740,0.365779,1.057e-04,0.665375,0.65
487,0.347756,0.347746,0.347835,5.019e-04,0.643646,0.61
488,0.320364,0.320364,0.320364,5.148e-16,0.593750,0.35
489,0.309395,0.309399,0.309390,6.775e-04,0.580109,0.50
462,0.573495,0.573538,0.426495,1.757e-04,0.683006,3.32
463,0.524842,0.524842,0.379098,5.853e-04,0.640607,3.01
490,0.280495,0.280500,0.280542,8.391e-04,0.544800,0.45
491,0.241641,0.241638,0.241610,4.799e-05,0.493256,0.42
492,0.542916,0.542915,0.542908,1.872e-04,0.871368,0.64
493,0.523144,0.523145,0.523145,2.556e-04,0.848359,0.47
494,0.482705,0.482705,0.482701,4.482e-04,0.803084,0.54
495,0.469968,0.469969,0.469970,9.801e-04,0.786466,0.56
464,0.487172,0.487135,0.356056,5.092e-04,0.610424,2.89
465,0.449656,0.449655,0.312920,1.773e-04,0.575042,2.81
466,0.401105,0.401100,0.267267,3.860e-05,0.528944,2.67
467,0.366656,0.366653,0.234933,5.628e-04,0.495687,2.55
468,0.865397,0.813197,0.721533,3.249e-05,0.882849,3.92
469,0.811254,0.751280,0.619401,1.079e-05,0.837574,3.91
496,0.438824,0.438822,0.438809,8.673e-04,0.754113,0.57
497,0.397615,0.397614,0.397608,7.189e-03,0.701715,0.59
498,0.371960,0.371963,0.371967,2.240e-03,0.663814,0.60
499,0.336918,0.336911,0.336864,1.284e-03,0.627205,0.54
470,0.790115,0.719780,0.589039,1.214e-16,0.819444,3.35
471,0.753970,0.671260,0.533679,2.121e-05,0.786097,3.58
502,0.273703,0.273703,0.273695,9.110e-04,0.523071,0.47
503,0.250374,0.250375,0.250341,1.210e-03,0.495605,0.62
500,0.323212,0.323211,0.323207,4.412e-04,0.597866,0.57
501,0.302358,0.302357,0.302376,1.081e-03,0.572979,0.65
504,0.680063,0.680063,0.273395,1.863e-04,0.871447,0.61
505,0.655013,0.655013,0.258803,1.296e-03,0.845754,0.53
506,0.626426,0.626426,0.243005,1.421e-04,0.817130,0.65
507,0.575169,0.575169,0.215227,3.232e-04,0.766176,0.70
472,0.703201,0.610228,0.448353,2.931e-05,0.738724,3.62
473,0.674319,0.579774,0.406331,6.695e-04,0.712900,3.62
508,0.553292,0.553292,0.204994,1.412e-03,0.742676,0.72
509,0.524799,0.524798,0.189862,2.791e-04,0.715023,0.62
510,0.480565,0.480565,0.173430,1.678e-04,0.665771,0.83
511,0.460207,0.460310,0.163601,4.432e-04,0.643402,0.75
512,0.413353,0.413379,0.139416,5.363e-04,0.603516,0.74
513,0.380880,0.380866,0.127113,1.145e-04,0.563446,0.66
514,0.364059,0.364097,0.119745,1.580e-03,0.545166,0.72
515,0.320099,0.319986,0.101965,3.497e-04,0.493744,0.67
518,0.689921,0.394430,0.394430,1.737e-04,0.817693,0.69
519,0.657719,0.367915,0.367915,4.610e-04,0.785215,0.63
516,0.757380,0.449551,0.449551,3.774e-04,0.885376,0.65
517,0.721449,0.418799,0.418799,4.047e-04,0.849125,0.57
474,0.633940,0.532634,0.351729,1.384e-04,0.674470,3.43
475,0.584849,0.471389,0.295948,1.875e-04,0.627197,3.36
520,0.603055,0.328800,0.328798,1.218e-03,0.730584,0.67
521,0.583704,0.318139,0.318140,1.039e-04,0.711363,0.61
522,0.535918,0.282386,0.282386,3.845e-04,0.663483,0.62
523,0.511751,0.269296,0.269296,1.002e-04,0.635979,0.69
524,0.492852,0.269200,0.269200,1.727e-04,0.609589,0.59
525,0.436140,0.214848,0.214848,4.591e-05,0.563507,0.69
526,0.412862,0.199266,0.199256,9.811e-05,0.543427,0.58
527,0.382905,0.173213,0.173211,1.275e-04,0.492737,0.69
476,0.556703,0.448046,0.278263,1.351e-05,0.603317,3.14
477,0.520319,0.408086,0.238703,3.525e-05,0.566913,2.91
478,0.494673,0.383038,0.216460,1.569e-05,0.542444,2.64
479,0.450859,0.336779,0.181224,3.101e-04,0.498942,2.58
528,0.763740,0.763740,0.162596,6.094e-04,0.888184,4.01
529,0.709734,0.709734,0.142677,5.828e-05,0.837097,4.15
540,0.808969,0.438026,0.438026,1.191e-05,0.874176,3.73
541,0.776920,0.381096,0.381096,4.410e-05,0.846985,3.84
530,0.677322,0.677322,0.131932,3.511e-04,0.806851,4.37
531,0.642382,0.642381,0.120963,3.326e-04,0.774550,4.59
532,0.622135,0.622135,0.115504,4.536e-05,0.753699,4.80
533,0.582247,0.582247,0.104350,2.057e-04,0.716750,5.71
542,0.728636,0.344969,0.344969,6.279e-04,0.799164,4.05
543,0.696103,0.322098,0.322098,7.639e-05,0.766205,3.86
534,0.523098,0.523107,0.090355,3.007e-05,0.661585,5.52
535,0.503097,0.503099,0.084716,9.173e-05,0.642985,5.45
536,0.466656,0.466656,0.076229,1.068e-04,0.607241,5.18
537,0.436658,0.436659,0.069541,7.609e-05,0.577953,4.98
544,0.665337,0.300685,0.300685,1.100e-04,0.735878,4.11
545,0.628804,0.273073,0.273073,3.181e-05,0.698795,3.78
538,0.388043,0.388043,0.059228,5.101e-05,0.528501,4.49
539,0.360270,0.360256,0.053947,1.472e-04,0.498888,3.83
546,0.605249,0.258103,0.258103,2.276e-03,0.674970,4.51
547,0.572573,0.239744,0.239744,1.395e-03,0.643945,4.34
548,0.523363,0.211871,0.211871,1.275e-03,0.600324,4.97
549,0.490353,0.193404,0.193403,1.882e-04,0.562211,5.02
550,0.462417,0.165178,0.165178,7.772e-06,0.535192,5.30
551,0.423527,0.154715,0.154715,1.465e-04,0.495334,4.30
552,0.701295,0.701295,0.516852,2.020e-04,0.891602,3.77
553,0.595191,0.595191,0.360653,6.350e-05,0.842407,3.91
577,0.753576,0.753576,0.753752,7.072e-05,0.843567,0.61
554,0.556834,0.556834,0.330851,1.681e-03,0.801392,4.08
555,0.538207,0.538207,0.318081,1.564e-03,0.780396,4.25
578,0.701370,0.701204,0.701243,8.054e-05,0.809845,0.73
579,0.656044,0.655864,0.656199,2.804e-05,0.776764,0.58
556,0.501339,0.501339,0.291874,1.066e-03,0.740082,4.16
557,0.475868,0.475866,0.272889,3.942e-04,0.712076,4.17
580,0.612117,0.612117,0.612117,2.222e-07,0.744385,0.50
581,0.571761,0.571761,0.571761,9.282e-05,0.713989,0.42
558,0.440286,0.440286,0.249403,1.396e-04,0.673332,4.62
559,0.420713,0.420712,0.237580,1.847e-04,0.648404,5.19
582,0.517726,0.517806,0.517726,4.266e-04,0.671265,0.50
583,0.471510,0.471510,0.471592,9.327e-05,0.632080,0.39
560,0.376599,0.376599,0.208721,8.742e-05,0.597421,4.43
561,0.358058,0.358059,0.199826,4.753e-04,0.573712,4.61
584,0.445134,0.445161,0.445134,5.707e-05,0.608093,0.37
585,0.385786,0.385786,0.385786,7.085e-05,0.557068,0.37
564,0.796346,0.578150,0.312029,3.173e-04,0.884094,4.22
565,0.743362,0.519210,0.260499,1.816e-04,0.833984,4.25
586,0.356476,0.356476,0.356527,1.131e-04,0.526245,0.38
587,0.341903,0.341887,0.341903,1.591e-04,0.511597,0.42
566,0.712397,0.492278,0.243941,2.277e-04,0.804077,4.38
567,0.684331,0.466384,0.228864,1.085e-03,0.776603,4.18
590,0.694637,0.694934,0.694797,1.802e-04,0.801331,0.48
591,0.639008,0.638855,0.639199,4.464e-04,0.768158,0.55
562,0.325125,0.325001,0.175104,2.296e-04,0.534144,4.72
563,0.290069,0.290040,0.150712,5.752e-04,0.502053,4.72
592,0.609948,0.609948,0.609948,1.732e-03,0.747498,0.53
593,0.572830,0.572735,0.572860,2.174e-04,0.716583,0.48
568,0.642606,0.429080,0.207711,5.245e-04,0.734809,4.43
569,0.619087,0.404555,0.194071,4.352e-04,0.711179,5.07
596,0.440080,0.440080,0.440152,1.879e-05,0.601624,0.58
597,0.400442,0.400506,0.400442,1.475e-03,0.571960,0.44
594,0.500314,0.500347,0.500643,5.354e-05,0.660248,0.46
595,0.466202,0.466217,0.466202,6.353e-04,0.630920,0.51
598,0.362438,0.362504,0.362202,9.118e-04,0.536438,0.38
599,0.316983,0.317025,0.317079,2.502e-05,0.493011,0.41
570,0.589933,0.383424,0.182853,5.736e-06,0.683174,5.25
571,0.541247,0.341980,0.162420,1.578e-04,0.635010,5.17
601,0.767964,0.767984,0.682455,1.150e-04,0.841064,0.56
589,0.761363,0.760247,0.761363,3.195e-04,0.849915,0.54
606,0.540189,0.540189,0.394008,2.848e-16,0.662109,0.19
607,0.516548,0.516548,0.358329,1.452e-04,0.640991,0.40
602,0.724893,0.724893,0.628655,1.105e-05,0.810120,0.53
603,0.670348,0.670375,0.549889,7.438e-05,0.768188,0.64
604,0.630341,0.630341,0.506076,3.107e-06,0.740051,0.56
605,0.594973,0.594973,0.462126,2.671e-04,0.709167,0.62
572,0.505611,0.298552,0.140194,6.945e-05,0.595152,5.51
573,0.470759,0.279135,0.129484,2.843e-05,0.563477,4.77
608,0.468600,0.468600,0.326624,8.783e-05,0.600708,0.46
609,0.433412,0.433421,0.283672,9.070e-06,0.565338,0.47
610,0.409268,0.409268,0.245636,4.533e-05,0.540405,0.42
611,0.365523,0.365523,0.211027,4.579e-07,0.497803,0.41
614,0.750370,0.654606,0.654606,1.433e-05,0.808624,0.49
615,0.708917,0.617001,0.617001,1.047e-04,0.781616,0.55
618,0.583546,0.440987,0.440980,4.353e-05,0.663849,0.42
619,0.554749,0.417336,0.417336,3.361e-17,0.644531,0.21
616,0.666853,0.556611,0.556715,5.206e-06,0.743927,0.55
617,0.607707,0.494145,0.494145,5.343e-05,0.695587,0.56
620,0.498644,0.367155,0.367094,5.047e-05,0.596771,0.44
621,0.474360,0.344410,0.344399,9.146e-05,0.572540,0.40
613,0.788251,0.722244,0.722307,3.533e-05,0.841583,0.77
622,0.447447,0.303958,0.303951,1.631e-04,0.540161,0.45
623,0.412844,0.256321,0.256321,2.971e-07,0.499023,0.40
574,0.439784,0.257009,0.118496,5.620e-05,0.533610,4.72
575,0.414855,0.239903,0.109675,1.034e-04,0.507876,4.48
637,0.803625,0.696666,0.696661,6.166e-05,0.842819,3.94
626,0.734832,0.734803,0.556467,1.594e-05,0.810511,4.04
627,0.693298,0.693286,0.512960,7.684e-06,0.781078,3.74
625,0.767220,0.767220,0.620819,1.018e-04,0.835115,3.91
628,0.637848,0.637848,0.438846,1.324e-05,0.736509,3.48
629,0.614106,0.614084,0.400194,6.005e-05,0.717330,3.55
630,0.555452,0.555450,0.336258,3.053e-05,0.668177,3.41
631,0.520955,0.520942,0.298075,4.963e-05,0.637632,3.28
634,0.405411,0.405411,0.177240,4.714e-05,0.527959,2.41
635,0.367418,0.367417,0.153172,7.098e-05,0.490334,2.38
632,0.472605,0.472600,0.247447,4.492e-05,0.593397,3.26
633,0.440790,0.440770,0.216286,3.990e-05,0.562346,3.19
638,0.760132,0.624910,0.624910,2.145e-06,0.806053,3.52
639,0.717146,0.563311,0.563330,2.753e-04,0.771973,3.51
644,0.534639,0.344858,0.344858,2.223e-06,0.606337,2.85
645,0.500841,0.300660,0.300660,1.732e-05,0.572329,3.05
640,0.673906,0.511025,0.511356,1.391e-04,0.735451,3.71
641,0.638358,0.466585,0.466347,1.288e-04,0.704933,3.50
642,0.599899,0.411906,0.411906,1.932e-05,0.664695,3.26
643,0.571171,0.374184,0.374170,1.107e-04,0.639404,3.45
646,0.466378,0.245964,0.245964,2.376e-05,0.530707,2.68
647,0.439045,0.223996,0.223996,5.501e-05,0.503382,2.51
652,0.630587,0.630587,0.564723,5.795e-05,0.747233,3.53
653,0.592707,0.592737,0.520420,5.770e-05,0.716390,3.36
650,0.706374,0.706374,0.644534,8.891e-06,0.802951,3.79
651,0.668712,0.668670,0.612392,9.657e-06,0.776548,3.57
672,0.546261,0.546261,0.546261,5.245e-04,0.880425,0.66
673,0.520015,0.520015,0.520015,5.232e-05,0.851687,0.60
649,0.780750,0.780788,0.728974,2.679e-04,0.850586,3.77
674,0.475390,0.475390,0.475390,4.795e-06,0.800415,0.58
675,0.451886,0.451886,0.451886,1.146e-04,0.776978,0.56
654,0.551216,0.551149,0.466475,1.248e-05,0.679272,3.52
655,0.507685,0.507685,0.412470,8.153e-04,0.642723,3.28
662,0.749000,0.669861,0.594577,2.186e-05,0.803196,4.08
663,0.713107,0.615583,0.555738,7.394e-17,0.776042,1.27
676,0.418825,0.418825,0.418825,1.469e-05,0.733765,0.69
677,0.396570,0.396570,0.396570,1.120e-04,0.707581,0.55
678,0.359251,0.359251,0.359251,3.277e-07,0.661621,0.54
679,0.350267,0.350289,0.350267,6.540e-06,0.648743,0.71
680,0.323556,0.323556,0.323556,5.557e-05,0.608704,0.51
681,0.284240,0.284240,0.284240,3.617e-05,0.557800,0.38
656,0.466429,0.466439,0.370680,1.042e-04,0.606653,2.92
657,0.411413,0.411413,0.330247,8.016e-05,0.557473,2.83
666,0.606579,0.494572,0.407881,1.682e-16,0.683160,1.05
667,0.569049,0.440851,0.361068,5.043e-05,0.645689,3.31
682,0.264245,0.264245,0.264194,2.162e-04,0.536621,0.42
683,0.248300,0.248340,0.248300,3.312e-05,0.509949,0.56
661,0.804525,0.747176,0.692600,4.749e-17,0.850694,1.32
684,0.514836,0.514834,0.514834,1.691e-04,0.847735,0.57
685,0.506734,0.506736,0.506732,4.890e-04,0.837417,0.58
686,0.479069,0.479069,0.479072,6.110e-04,0.804634,0.61
687,0.453261,0.453261,0.453261,4.123e-04,0.774986,0.53
688,0.419946,0.419946,0.419945,3.668e-04,0.733388,0.59
689,0.395969,0.395971,0.395973,6.650e-04,0.707797,0.57
668,0.514525,0.381163,0.296836,5.307e-17,0.595486,0.93
669,0.479813,0.348633,0.265685,2.123e-05,0.561180,3.11
690,0.369424,0.369429,0.369456,1.005e-04,0.675289,0.67
691,0.346901,0.346911,0.346899,2.827e-03,0.643459,0.73
658,0.402126,0.402118,0.306496,3.704e-04,0.544768,2.67
659,0.348455,0.348455,0.245372,1.443e-04,0.492676,2.23
692,0.309612,0.309612,0.309612,4.613e-04,0.593987,0.38
693,0.292906,0.293077,0.293070,6.287e-04,0.574646,0.61
694,0.275581,0.275537,0.275728,2.082e-04,0.540680,0.67
695,0.238900,0.238900,0.238893,1.439e-04,0.496399,0.45
698,0.524004,0.524004,0.346068,3.287e-06,0.800063,0.64
699,0.504881,0.504881,0.329806,2.838e-17,0.778250,0.26
696,0.605938,0.605938,0.411142,1.735e-04,0.888279,0.53
697,0.556238,0.556238,0.371056,6.558e-06,0.834961,0.64
664,0.680844,0.578933,0.510403,9.156e-06,0.748445,3.68
665,0.633811,0.524898,0.441244,2.234e-05,0.706037,3.48
702,0.405401,0.405401,0.256284,6.234e-17,0.668945,0.32
703,0.393230,0.393230,0.235800,1.566e-04,0.648010,0.68
700,0.467171,0.467171,0.300452,7.515e-08,0.735596,0.67
701,0.430749,0.430790,0.291208,1.256e-06,0.704498,0.84
704,0.353690,0.353690,0.220360,1.105e-04,0.602173,0.47
705,0.320564,0.320564,0.196809,2.837e-05,0.563171,0.53
709,0.627360,0.440726,0.440726,6.615e-05,0.849809,0.53
706,0.300996,0.300971,0.174381,3.623e-05,0.537354,0.45
707,0.275385,0.275367,0.156674,3.986e-05,0.503265,0.66
710,0.587443,0.405977,0.405977,9.068e-04,0.807075,0.67
711,0.550222,0.371918,0.371918,6.953e-05,0.765125,0.68
712,0.533464,0.359171,0.359171,7.980e-05,0.748500,0.68
713,0.489700,0.324078,0.324078,5.354e-04,0.702393,0.71
718,0.351468,0.210821,0.210824,1.471e-07,0.540161,0.50
719,0.324981,0.180805,0.180805,2.753e-08,0.497437,0.40
714,0.459450,0.302992,0.302992,1.046e-06,0.668900,0.58
715,0.414912,0.273902,0.273902,3.160e-04,0.628204,0.60
716,0.401235,0.255215,0.255215,1.175e-04,0.600769,0.52
717,0.379467,0.243670,0.243670,4.301e-05,0.577942,0.62
670,0.457121,0.310935,0.229664,3.032e-05,0.533845,2.74
671,0.422624,0.278719,0.198548,6.602e-05,0.498291,3.45
722,0.545306,0.545306,0.289530,8.083e-17,0.806087,1.81
723,0.526331,0.526331,0.272842,7.546e-17,0.784722,1.70
724,0.495086,0.495086,0.253476,1.194e-05,0.751469,5.98
725,0.445778,0.445778,0.221368,7.487e-17,0.697989,2.21
734,0.632587,0.369369,0.369369,7.499e-06,0.816002,3.41
735,0.603963,0.346114,0.346114,2.437e-05,0.785652,4.12
720,0.609946,0.609946,0.334599,1.429e-04,0.874001,4.40
721,0.592255,0.592255,0.321713,2.917e-04,0.856061,4.66
736,0.560853,0.312726,0.312726,2.758e-05,0.740103,3.43
737,0.531532,0.290210,0.290209,1.578e-03,0.708102,5.25
726,0.419996,0.419991,0.212403,6.825e-05,0.667761,6.14
727,0.402829,0.402838,0.200274,2.773e-05,0.647425,5.96
744,0.578624,0.578624,0.463357,2.839e-05,0.880066,3.75
745,0.556405,0.556405,0.441745,3.562e-17,0.855835,1.13
728,0.378491,0.378491,0.179868,4.000e-05,0.614764,4.14
729,0.344515,0.344515,0.162240,2.997e-05,0.576678,4.11
730,0.310335,0.310335,0.141905,6.978e-06,0.533655,3.12
731,0.294448,0.294441,0.131506,1.862e-05,0.510046,4.48
738,0.502795,0.268863,0.268863,4.560e-06,0.678063,4.66
739,0.461468,0.246469,0.246458,2.183e-04,0.641683,6.02
740,0.431010,0.223752,0.223752,8.039e-05,0.601816,4.52
741,0.415713,0.202472,0.202477,2.418e-05,0.578261,4.51
732,0.683621,0.411461,0.411461,6.575e-05,0.869194,4.02
733,0.667535,0.398058,0.398058,5.055e-05,0.852852,4.14
746,0.514375,0.514375,0.403758,1.693e-04,0.808533,4.19
747,0.492380,0.492380,0.384048,1.816e-05,0.783356,4.06
748,0.462670,0.462670,0.359263,5.201e-04,0.749134,4.30
749,0.419733,0.419733,0.323831,3.261e-05,0.700835,4.89
742,0.376200,0.175609,0.175603,9.717e-05,0.529514,4.74
743,0.354801,0.157643,0.157643,3.012e-05,0.496148,3.65
750,0.395323,0.395323,0.301993,8.824e-05,0.671000,4.00
751,0.362628,0.362623,0.283677,4.976e-05,0.635028,3.60
775,0.490279,0.490279,0.490443,5.930e-05,0.632507,0.37
760,0.533938,0.366006,0.284452,5.372e-17,0.730187,4.52
761,0.492536,0.341093,0.270776,3.773e-17,0.697917,1.26
752,0.333920,0.333916,0.247390,3.817e-06,0.598967,3.39
753,0.308394,0.308402,0.221953,6.819e-06,0.562102,3.46
776,0.452714,0.452714,0.452714,4.262e-05,0.604919,0.36
777,0.366989,0.366989,0.366989,3.609e-04,0.558594,0.35
778,0.324978,0.324978,0.324963,4.676e-06,0.525879,0.37
779,0.280367,0.280367,0.280367,8.370e-17,0.497070,0.23
754,0.276020,0.276018,0.199121,9.601e-05,0.524920,3.30
755,0.258059,0.258064,0.185818,5.420e-05,0.498544,2.92
756,0.671236,0.488374,0.388019,1.254e-04,0.875397,3.93
757,0.650617,0.470177,0.371597,6.682e-05,0.854218,4.07
787,0.527419,0.527419,0.527419,1.200e-04,0.646484,0.47
758,0.602502,0.425699,0.334268,2.076e-05,0.803458,4.51
759,0.568906,0.396916,0.308149,8.688e-05,0.767253,5.01
788,0.433811,0.433811,0.433811,2.734e-05,0.599609,0.40
789,0.380459,0.380459,0.380431,8.679e-05,0.564331,0.43
790,0.287248,0.287248,0.287248,2.951e-04,0.523438,0.46
791,0.255666,0.255666,0.255726,8.793e-05,0.496094,0.48
800,0.488647,0.488647,0.408545,2.667e-16,0.613281,0.24
801,0.401425,0.401425,0.311895,2.798e-05,0.564209,0.36
799,0.532573,0.532573,0.458472,5.891e-05,0.642639,0.53
802,0.356001,0.356001,0.276396,1.743e-16,0.539062,0.33
803,0.317935,0.317935,0.243793,2.039e-05,0.510620,0.42
812,0.503939,0.430775,0.430776,1.725e-06,0.609619,0.46
813,0.422649,0.338475,0.337751,8.337e-09,0.560303,0.39
814,0.337299,0.303938,0.303925,1.138e-05,0.533936,0.47
815,0.304095,0.260491,0.260584,7.213e-06,0.506775,0.34
811,0.548671,0.482778,0.482733,5.597e-05,0.635010,0.41
762,0.477749,0.330146,0.250101,2.141e-06,0.677346,4.89
763,0.450199,0.299346,0.231143,4.876e-06,0.641086,4.57
764,0.425924,0.276433,0.206998,5.950e-05,0.608652,4.48
765,0.391683,0.243012,0.187641,9.904e-06,0.567175,4.16
766,0.355854,0.221189,0.161188,8.288e-07,0.531765,3.39
767,0.320770,0.200877,0.144702,6.855e-05,0.490822,3.08
835,0.562205,0.478256,0.478256,1.115e-16,0.636068,1.05
826,0.349454,0.349454,0.233130,2.649e-17,0.526042,1.72
827,0.296290,0.296290,0.171032,1.836e-06,0.490325,2.46
847,0.494833,0.494833,0.451560,3.632e-17,0.628472,0.97
824,0.479005,0.479005,0.339036,5.723e-07,0.599682,2.98
825,0.429172,0.429172,0.286469,4.749e-17,0.572193,1.67
864,0.456963,0.456963,0.456963,6.848e-05,0.886013,0.68
865,0.373320,0.373320,0.373320,1.466e-05,0.849906,0.63
823,0.533262,0.533262,0.415349,1.099e-05,0.634657,3.19
866,0.336153,0.336153,0.336153,1.155e-03,0.813965,0.83
867,0.370139,0.370139,0.370146,1.726e-05,0.786011,0.71
868,0.331286,0.331286,0.331289,1.922e-05,0.745850,0.62
869,0.266479,0.266479,0.266479,6.843e-05,0.709412,0.66
836,0.513393,0.407870,0.407870,1.009e-05,0.606400,3.00
837,0.450366,0.330178,0.330178,7.936e-17,0.567708,0.91
870,0.129214,0.129214,0.129214,3.810e-17,0.662476,0.32
871,0.056322,0.056322,0.056322,2.539e-17,0.649292,0.28
838,0.345834,0.279278,0.279278,4.085e-04,0.526548,2.25
839,0.309187,0.215665,0.215665,3.650e-07,0.488345,2.54
872,0.000000,0.000000,0.000000,4.465e-15,0.601196,0.58
873,0.000000,0.000000,0.000000,3.242e-15,0.564148,0.41
874,0.000000,0.000000,0.000000,2.096e-15,0.533752,0.38
875,0.000000,0.000000,0.000000,6.628e-16,0.496033,0.36
876,0.518300,0.518300,0.518300,4.622e-06,0.876587,0.60
877,0.485569,0.485569,0.485580,1.601e-05,0.851349,0.57
882,0.175480,0.175480,0.177668,7.653e-04,0.672241,0.71
883,0.251102,0.251102,0.251102,3.106e-17,0.636047,0.25
878,0.419444,0.419444,0.419444,1.922e-04,0.815972,0.62
879,0.330395,0.330395,0.330395,1.932e-04,0.782145,0.57
880,0.239638,0.239638,0.239638,6.394e-04,0.745750,0.52
881,0.143379,0.143379,0.143379,5.657e-04,0.712000,0.61
859,0.550537,0.492952,0.459110,6.635e-17,0.636719,1.16
884,0.112138,0.112138,0.112136,3.058e-05,0.593384,0.55
885,0.111699,0.111699,0.111699,6.635e-07,0.565857,0.49
886,0.110624,0.110624,0.110624,1.280e-06,0.535553,0.44
887,0.108419,0.108419,0.108407,4.850e-05,0.508789,0.43
890,0.325186,0.325186,0.181163,3.773e-16,0.800813,0.25
891,0.361396,0.361396,0.184571,1.298e-06,0.776588,0.57
888,0.532094,0.532094,0.325099,2.751e-06,0.879259,0.62
889,0.432097,0.432097,0.251096,6.818e-05,0.837529,0.65
860,0.501911,0.444206,0.387774,7.015e-17,0.608073,1.13
861,0.439195,0.384370,0.319506,8.446e-17,0.569010,1.14
892,0.214630,0.214630,0.113461,3.637e-05,0.744263,0.70
893,0.419909,0.419909,0.209694,2.441e-17,0.710938,0.27
894,0.213109,0.213109,0.071245,2.344e-17,0.662842,0.30
895,0.153003,0.153003,0.047453,3.072e-06,0.632935,0.63
896,0.113474,0.113474,0.033575,1.142e-03,0.596008,0.63
897,0.000000,0.000000,0.000000,3.225e-15,0.565430,0.36
848,0.447704,0.447704,0.373511,1.278e-08,0.594184,2.04
849,0.412705,0.412705,0.357764,1.469e-05,0.574689,2.74
862,0.377302,0.314621,0.266935,6.137e-17,0.530816,0.90
863,0.333574,0.273717,0.217271,7.129e-17,0.503038,0.86
898,0.000000,0.000000,0.000000,1.610e-15,0.527954,0.50
899,0.000000,0.000000,0.000000,6.393e-16,0.505249,0.56
906,0.459095,0.279513,0.279513,2.917e-17,0.668701,0.33
907,0.400368,0.199789,0.199789,5.226e-17,0.642578,0.24
902,0.479291,0.290782,0.290782,3.227e-04,0.816551,0.74
903,0.391557,0.222183,0.222183,2.033e-03,0.772125,0.65
904,0.375843,0.190148,0.190148,1.213e-05,0.731689,0.66
905,0.267190,0.131228,0.131228,6.962e-04,0.704102,0.72
850,0.368868,0.368868,0.303565,9.646e-06,0.541323,2.98
851,0.289897,0.289897,0.241172,3.852e-06,0.497541,2.49
908,0.188017,0.061255,0.061255,3.844e-07,0.600098,0.60
909,0.184980,0.060695,0.060695,3.859e-07,0.568604,0.59
910,0.036628,0.009639,0.009639,5.610e-08,0.525299,0.58
911,0.000000,0.000000,0.000000,1.453e-16,0.505615,0.46
900,0.657148,0.455770,0.455770,1.006e-05,0.883655,0.58
901,0.570376,0.370667,0.370667,8.302e-05,0.841652,0.61
918,0.231079,0.231079,0.053282,9.746e-17,0.669271,1.59
919,0.182521,0.182521,0.028911,4.069e-17,0.642650,1.80
912,0.587296,0.587296,0.271925,3.751e-17,0.879532,2.98
913,0.498449,0.498449,0.210883,3.196e-04,0.844057,4.42
932,0.240506,0.041787,0.041787,1.196e-05,0.607096,5.34
933,0.128997,0.018212,0.018212,4.894e-17,0.563802,0.82
914,0.386535,0.386535,0.147644,2.291e-05,0.804145,4.71
915,0.298135,0.298135,0.116629,7.719e-06,0.785265,4.68
916,0.439583,0.439583,0.141883,3.460e-06,0.735116,4.92
917,0.327821,0.327821,0.090958,2.033e-08,0.710214,5.99
928,0.432023,0.168052,0.168052,2.440e-04,0.747884,3.81
929,0.344858,0.122364,0.122364,1.016e-03,0.717448,4.70
922,0.000000,0.000000,0.000000,1.966e-15,0.526874,2.72
923,0.000000,0.000000,0.000000,1.056e-14,0.494737,3.58
920,0.000000,0.000000,0.000000,1.653e-14,0.594437,4.65
921,0.000000,0.000000,0.000000,1.302e-14,0.577691,4.54
934,0.052810,0.006436,0.006437,4.464e-08,0.545537,6.32
935,0.000000,0.000000,0.000000,3.002e-15,0.499231,3.99
926,0.518327,0.245362,0.245362,2.436e-04,0.809380,4.31
927,0.439714,0.187866,0.187866,2.026e-04,0.772208,4.23
930,0.492231,0.237271,0.237276,2.397e-06,0.669162,4.19
931,0.441761,0.148016,0.148016,4.255e-17,0.639820,1.72
936,0.609910,0.609910,0.488554,1.115e-05,0.874695,3.93
937,0.481328,0.481328,0.358529,2.313e-05,0.844147,4.20
924,0.737812,0.485685,0.485685,1.371e-04,0.874062,4.22
925,0.649301,0.354373,0.354373,2.496e-04,0.840828,3.98
961,0.745298,0.745298,0.745293,3.808e-05,0.839661,0.54
938,0.365630,0.365630,0.259314,1.492e-04,0.808167,4.45
939,0.285202,0.285202,0.192792,1.615e-05,0.769042,4.01
946,0.018986,0.018986,0.008607,4.207e-17,0.541667,0.77
947,0.000000,0.000000,0.000000,1.858e-15,0.499711,3.21
940,0.256358,0.256358,0.167242,3.051e-04,0.738715,3.81
941,0.190688,0.190688,0.111299,1.352e-04,0.700750,4.31
942,0.340224,0.340224,0.217049,7.983e-04,0.665129,4.44
943,0.295326,0.295326,0.177848,1.810e-03,0.650029,4.43
962,0.695192,0.695179,0.695209,1.211e-04,0.809021,0.53
963,0.651624,0.651624,0.651624,1.043e-04,0.777557,0.49
958,0.000000,0.000000,0.000000,6.495e-16,0.535590,2.01
959,0.000000,0.000000,0.000000,4.175e-15,0.492188,1.60
944,0.099422,0.099422,0.048344,7.476e-04,0.608615,4.62
945,0.052640,0.052640,0.024599,8.506e-07,0.577836,4.04
954,0.444158,0.253519,0.156643,4.495e-04,0.682111,4.29
955,0.249200,0.089615,0.043763,4.331e-17,0.632812,1.55
964,0.594590,0.594582,0.594564,1.898e-04,0.737305,0.51
965,0.546956,0.546956,0.546956,9.082e-05,0.698181,0.45
966,0.510147,0.510113,0.510133,4.596e-05,0.670380,0.42
967,0.475715,0.475715,0.475715,4.430e-05,0.641876,0.45
968,0.421410,0.421410,0.421410,9.001e-05,0.594757,0.46
969,0.390008,0.390008,0.390008,1.762e-16,0.564453,0.39
956,0.143541,0.043969,0.020606,1.555e-07,0.600288,5.09
957,0.036333,0.009546,0.004299,4.353e-17,0.571181,0.84
973,0.782610,0.782684,0.782773,8.543e-04,0.853699,0.62
970,0.369227,0.369206,0.369194,1.030e-04,0.544312,0.40
971,0.326388,0.326405,0.326357,8.390e-05,0.499329,0.38
952,0.271085,0.162973,0.106518,1.055e-09,0.746094,4.15
953,0.495546,0.307680,0.212389,3.743e-17,0.697428,1.92
950,0.475271,0.304009,0.206693,1.204e-04,0.803070,4.83
951,0.378828,0.219921,0.145343,7.253e-06,0.767470,4.40
978,0.528483,0.528552,0.528580,5.985e-04,0.682373,0.55
979,0.491065,0.491075,0.491100,1.235e-03,0.648529,0.63
976,0.620089,0.620070,0.620093,5.375e-04,0.747742,0.44
977,0.566169,0.566208,0.566338,8.265e-04,0.712555,0.52
974,0.715050,0.715050,0.715162,1.246e-03,0.806671,0.52
975,0.657371,0.657360,0.657350,6.181e-04,0.772400,0.59
980,0.423013,0.422971,0.423041,1.468e-03,0.592926,0.49
981,0.389008,0.388858,0.389046,3.139e-03,0.564880,0.43
982,0.366774,0.366767,0.366789,6.038e-04,0.539764,0.44
983,0.309082,0.309075,0.309036,2.031e-04,0.488617,0.41
948,0.707159,0.544734,0.412407,7.725e-05,0.881241,4.14
949,0.542048,0.362305,0.254796,5.846e-05,0.839081,3.48
988,0.645295,0.645295,0.466919,8.110e-17,0.737305,0.59
989,0.619327,0.619799,0.429670,1.314e-04,0.715637,0.49
986,0.736476,0.736476,0.601129,1.950e-04,0.808289,0.69
987,0.710109,0.710109,0.545643,2.769e-16,0.787109,0.52
997,0.804702,0.728625,0.728698,5.969e-05,0.843292,0.60
990,0.559573,0.559573,0.364766,1.108e-16,0.666016,0.48
991,0.535270,0.535302,0.340497,6.657e-05,0.643311,0.48
985,0.783095,0.783076,0.663877,1.204e-04,0.840118,0.60
992,0.488702,0.488748,0.295901,4.847e-05,0.604919,0.47
993,0.458310,0.458171,0.271956,4.344e-05,0.577423,0.52
998,0.763123,0.667179,0.667179,1.212e-04,0.810547,0.57
999,0.709593,0.599867,0.599867,1.544e-16,0.767578,0.49
994,0.417938,0.417894,0.233646,4.207e-05,0.538971,0.52
995,0.372711,0.372673,0.209216,7.582e-05,0.497467,0.50
1000,0.684049,0.551213,0.551216,2.531e-05,0.743896,0.67
1001,0.628219,0.491721,0.491721,7.546e-17,0.699219,0.52
1002,0.594244,0.445975,0.446164,1.320e-03,0.665619,0.48
1003,0.548044,0.397142,0.397147,4.436e-05,0.626831,0.48
1004,0.516754,0.365637,0.365637,1.178e-04,0.594482,0.55
1005,0.488787,0.340456,0.340496,5.693e-04,0.572906,0.48
1006,0.453838,0.301348,0.301343,2.769e-05,0.536957,0.50
1007,0.421798,0.276681,0.276681,8.927e-05,0.509033,0.56
1024,0.713352,0.533978,0.533934,2.958e-04,0.750506,3.55
1025,0.670853,0.479049,0.479013,3.644e-05,0.712339,3.56
1010,0.761097,0.761029,0.497352,3.043e-05,0.812211,4.24
1011,0.709456,0.709459,0.416943,9.486e-05,0.769378,4.51
1012,0.680341,0.680364,0.383054,3.218e-04,0.745615,3.80
1013,0.634552,0.634552,0.322633,2.720e-16,0.706163,3.68
1022,0.777200,0.636936,0.636894,2.465e-05,0.806333,3.68
1023,0.730824,0.556198,0.555915,3.145e-04,0.765797,3.55
1026,0.624392,0.406861,0.406833,1.257e-04,0.667435,3.37
1027,0.585147,0.369637,0.369609,7.058e-05,0.632614,3.44
1028,0.554250,0.327276,0.327405,1.002e-04,0.601255,3.27
1029,0.522583,0.302413,0.302614,4.168e-05,0.572139,3.16
1018,0.435507,0.435498,0.155829,4.150e-05,0.528944,3.07
1019,0.407162,0.407123,0.139491,7.136e-06,0.503210,2.87
1014,0.607325,0.607536,0.289049,4.682e-06,0.682210,3.62
1015,0.559265,0.559249,0.244679,2.199e-04,0.640688,3.29
1016,0.526924,0.526924,0.215950,3.071e-16,0.612413,3.22
1017,0.477854,0.477854,0.179537,3.738e-16,0.568576,3.15
1030,0.490755,0.266184,0.266123,3.004e-04,0.540690,2.88
1031,0.438986,0.226297,0.226290,5.815e-05,0.494918,2.83
1033,0.788306,0.788306,0.738863,2.415e-04,0.850694,3.69
1009,0.803356,0.803339,0.584821,1.422e-05,0.843813,4.02
1056,0.536816,0.536816,0.536816,5.698e-05,0.867905,0.66
1057,0.521705,0.521705,0.521705,7.322e-05,0.850739,0.66
1034,0.725697,0.725733,0.658262,5.382e-05,0.810881,3.75
1035,0.695775,0.695832,0.620037,4.521e-04,0.787589,3.67
1036,0.634852,0.634852,0.535943,6.765e-17,0.746528,2.96
1037,0.598544,0.598621,0.485554,3.643e-05,0.715585,3.37
1058,0.493716,0.493716,0.493716,1.220e-04,0.819372,0.63
1059,0.459853,0.459853,0.459853,1.312e-06,0.781062,0.64
1060,0.422327,0.422327,0.422327,2.945e-05,0.737183,0.65
1061,0.392085,0.392086,0.392081,1.261e-04,0.698997,0.73
1038,0.555167,0.555168,0.452631,3.168e-04,0.680990,3.37
1039,0.493651,0.493660,0.385992,4.343e-04,0.627342,3.00
1062,0.374023,0.374023,0.374023,1.722e-04,0.676392,0.70
1063,0.353834,0.353866,0.353846,3.133e-05,0.641876,0.73
1040,0.456445,0.456424,0.353210,1.681e-04,0.596128,3.06
1041,0.435420,0.435500,0.328174,3.371e-04,0.576009,2.89
1064,0.316282,0.316331,0.316331,3.130e-05,0.609650,0.69
1065,0.294582,0.294582,0.294582,9.070e-05,0.579468,0.73
1042,0.400856,0.400861,0.287450,8.081e-05,0.543638,2.75
1043,0.352314,0.352357,0.265540,7.105e-05,0.503897,2.68
1066,0.252398,0.252552,0.252587,9.350e-05,0.527954,0.57
1067,0.228414,0.228440,0.228334,2.538e-05,0.490540,0.58
1072,0.433514,0.433514,0.433515,2.637e-04,0.750309,0.61
1073,0.396969,0.396969,0.396969,4.336e-04,0.704715,0.61
1076,0.312874,0.312872,0.312872,5.063e-17,0.601648,0.18
1077,0.291342,0.291344,0.291344,1.233e-04,0.571715,0.56
1074,0.369737,0.369737,0.369737,2.193e-04,0.671101,0.57
1075,0.330717,0.330717,0.330717,1.374e-03,0.626917,0.67
1070,0.479198,0.479198,0.479198,1.956e-04,0.804932,0.63
1071,0.455950,0.455950,0.455950,1.352e-04,0.777832,0.59
1046,0.770288,0.692698,0.596341,1.129e-16,0.808160,3.72
1047,0.733702,0.642742,0.523924,1.280e-05,0.775761,3.96
1048,0.689505,0.586311,0.456250,4.221e-05,0.739357,3.90
1049,0.659104,0.544316,0.415296,1.470e-04,0.710214,4.58
1078,0.261623,0.261620,0.261615,1.335e-03,0.537107,0.67
1079,0.226979,0.226991,0.226987,1.287e-03,0.488556,0.63
1082,0.570747,0.570747,0.285366,1.795e-16,0.804756,0.29
1083,0.542248,0.542248,0.266678,2.834e-04,0.774599,0.68
1084,0.520030,0.520030,0.254159,3.096e-04,0.752315,0.65
1085,0.481784,0.481784,0.231683,5.159e-05,0.711625,0.78
1052,0.538290,0.414551,0.285455,3.601e-16,0.601562,3.36
1053,0.496802,0.372764,0.243107,3.774e-16,0.562500,3.04
1050,0.607919,0.484992,0.356925,3.002e-16,0.663194,3.54
1051,0.582338,0.456959,0.327435,1.197e-05,0.639648,3.64
1086,0.444181,0.444181,0.209497,7.669e-05,0.670750,0.72
1087,0.419053,0.419043,0.193968,3.712e-05,0.643524,0.72
1080,0.649534,0.649534,0.354017,2.790e-05,0.880798,0.59
1081,0.602002,0.602002,0.305425,2.674e-05,0.837158,0.62
1088,0.384438,0.384438,0.174996,1.708e-05,0.605225,0.68
1089,0.350964,0.350716,0.161042,6.305e-05,0.559540,0.94
1090,0.321353,0.321234,0.144132,5.002e-05,0.532806,0.71
1091,0.286741,0.286667,0.122982,7.013e-05,0.498535,0.75
1094,0.640140,0.380071,0.380071,5.071e-05,0.803101,0.57
1095,0.610817,0.356422,0.356422,2.349e-04,0.772321,0.60
1096,0.581210,0.334299,0.334299,1.904e-04,0.741983,0.62
1097,0.552331,0.315292,0.315292,1.658e-04,0.713108,0.62
1098,0.522889,0.294094,0.294094,1.217e-04,0.683449,0.64
1099,0.469215,0.256787,0.256787,6.119e-05,0.627750,0.59
1100,0.435829,0.233812,0.233791,2.880e-04,0.595596,0.59
1101,0.412271,0.220359,0.220359,1.028e-04,0.574707,0.53
1102,0.373540,0.193093,0.193086,1.977e-06,0.531132,0.46
1103,0.349983,0.177418,0.177418,2.931e-04,0.507324,0.63
1054,0.477132,0.345078,0.229466,1.282e-04,0.541911,3.03
1055,0.443787,0.314177,0.202031,3.463e-04,0.511267,3.18
1093,0.678683,0.411544,0.411544,1.273e-04,0.840881,0.61
1069,0.521204,0.521204,0.521204,6.297e-05,0.834961,0.50
1122,0.580436,0.237596,0.237596,1.500e-04,0.681015,3.93
1123,0.536303,0.212811,0.212811,3.084e-17,0.638097,1.05
1118,0.725028,0.389218,0.389218,4.221e-05,0.821945,3.88
1119,0.674084,0.297400,0.297400,3.350e-17,0.773392,1.05
1106,0.621019,0.621019,0.183826,1.367e-05,0.807983,4.01
1107,0.578499,0.578499,0.165512,1.797e-05,0.766022,4.29
1108,0.544231,0.544231,0.152285,4.045e-06,0.731847,4.19
1109,0.513989,0.513989,0.140938,6.165e-05,0.701606,4.47
1110,0.483638,0.483638,0.128805,2.295e-05,0.670573,4.63
1111,0.459009,0.459009,0.121296,4.507e-05,0.648000,4.86
1104,0.752354,0.752354,0.427166,2.204e-05,0.889694,3.94
1105,0.658861,0.658861,0.212167,2.508e-04,0.840439,4.12
1112,0.419519,0.419476,0.117502,4.463e-05,0.598217,5.26
1113,0.397700,0.397798,0.103414,7.896e-17,0.577944,5.03
1114,0.360294,0.360398,0.090282,8.631e-05,0.540527,5.10
1115,0.314075,0.313942,0.073101,1.866e-05,0.498888,4.54
1120,0.654177,0.282531,0.282531,3.445e-05,0.753616,3.60
1121,0.608019,0.254493,0.254493,5.746e-04,0.707977,3.91
1124,0.509019,0.197189,0.197189,1.119e-04,0.611721,3.96
1125,0.468010,0.176179,0.176180,4.299e-05,0.575574,3.76
1126,0.422752,0.153200,0.153200,3.356e-05,0.530250,4.00
1127,0.392992,0.149774,0.149690,2.213e-04,0.503581,4.32
1130,0.546389,0.546389,0.389164,5.691e-05,0.811584,3.53
1131,0.496688,0.496688,0.337506,3.364e-05,0.766052,3.67
1132,0.483605,0.483605,0.328874,1.819e-04,0.751648,3.57
1133,0.444804,0.444804,0.297673,1.978e-04,0.706116,3.80
1134,0.425303,0.425303,0.283662,2.535e-04,0.683716,3.66
1135,0.380362,0.380362,0.250408,1.753e-05,0.632198,3.77
1128,0.744841,0.744841,0.675810,2.723e-05,0.881897,3.61
1129,0.637708,0.637708,0.520480,4.591e-05,0.851196,3.55
1136,0.354183,0.354183,0.230178,2.556e-04,0.605469,4.22
1137,0.325390,0.325401,0.209528,1.421e-04,0.568719,3.89
1155,0.664367,0.664367,0.664367,2.043e-04,0.771423,0.47
1158,0.494363,0.494209,0.494132,1.209e-05,0.661926,0.47
1159,0.468740,0.468771,0.468892,7.554e-05,0.635651,0.43
1156,0.625493,0.625493,0.625493,1.227e-05,0.740845,0.50
1157,0.585237,0.585274,0.585237,1.592e-04,0.718811,0.53
1138,0.295254,0.295254,0.188246,3.041e-05,0.533500,4.23
1139,0.268396,0.268408,0.185148,2.036e-05,0.498164,3.82
1142,0.679057,0.442787,0.269705,1.589e-05,0.805634,3.99
1143,0.638611,0.404265,0.242123,5.616e-17,0.765503,3.62
1160,0.422967,0.422916,0.423004,2.019e-04,0.599823,0.43
1161,0.378691,0.378635,0.378665,2.664e-04,0.562775,0.40
1162,0.314064,0.314064,0.314064,2.935e-04,0.524719,0.34
1163,0.298918,0.298799,0.298845,1.306e-04,0.504578,0.43
1167,0.683667,0.683667,0.683667,1.206e-04,0.771973,0.48
1168,0.609316,0.609316,0.609208,3.469e-03,0.733582,0.50
1169,0.569350,0.569350,0.568997,2.904e-03,0.711029,0.48
1170,0.531018,0.531006,0.531018,5.773e-04,0.681458,0.47
1171,0.432594,0.432523,0.432313,1.320e-03,0.626343,0.42
1172,0.409549,0.409549,0.409549,3.430e-05,0.609741,0.53
1173,0.355800,0.355800,0.355800,6.382e-05,0.563599,0.50
1174,0.343726,0.343808,0.343768,1.855e-05,0.539978,0.46
1175,0.316900,0.316728,0.316900,1.425e-04,0.504456,0.43
1148,0.464590,0.269746,0.154823,1.277e-05,0.593125,4.53
1149,0.446288,0.255600,0.146736,1.514e-16,0.575500,4.20
1140,0.777397,0.634663,0.509451,1.657e-05,0.875488,3.68
1141,0.712042,0.492858,0.319502,2.819e-05,0.836243,4.13
1179,0.713454,0.713454,0.581044,2.052e-04,0.773682,0.52
1186,0.393288,0.393288,0.225775,6.500e-07,0.539185,0.50
1187,0.363209,0.363209,0.202993,6.768e-05,0.510071,0.45
1182,0.565183,0.565183,0.365382,1.826e-04,0.668091,0.53
1183,0.528894,0.528861,0.337224,2.350e-05,0.641632,0.56
1180,0.667398,0.667398,0.510991,5.099e-05,0.740295,0.57
1181,0.618565,0.618565,0.457158,5.394e-04,0.707581,0.56
1150,0.396651,0.229732,0.127956,6.514e-05,0.523772,4.52
1151,0.383901,0.216659,0.122112,1.573e-16,0.511285,3.93
1144,0.610258,0.380491,0.226633,1.584e-04,0.736786,4.47
1145,0.584624,0.360461,0.213949,1.086e-04,0.710968,4.26
1184,0.494951,0.494951,0.301079,2.406e-04,0.614807,0.50
1185,0.422126,0.422126,0.255687,5.432e-05,0.558716,0.52
1194,0.602370,0.431945,0.431179,2.017e-03,0.665741,0.49
1195,0.575761,0.413052,0.413052,1.233e-05,0.648193,0.45
1196,0.479829,0.360857,0.360809,3.467e-04,0.593170,0.46
1197,0.460010,0.307911,0.307911,4.108e-06,0.564453,0.33
1192,0.672951,0.571742,0.571774,5.179e-04,0.732269,0.56
1193,0.654838,0.552494,0.552494,1.149e-04,0.716949,0.51
1146,0.552260,0.335987,0.196768,7.978e-06,0.680166,4.39
1147,0.503812,0.300437,0.172245,5.715e-05,0.632487,4.17
1198,0.410902,0.278322,0.278322,1.707e-03,0.532593,0.49
1199,0.379388,0.252321,0.252321,5.818e-06,0.496094,0.42
1227,0.697125,0.697122,0.632974,3.543e-04,0.778962,3.58
1210,0.419757,0.419757,0.174296,1.558e-05,0.535409,2.80
1211,0.396416,0.396391,0.153672,1.099e-04,0.510588,2.67
1206,0.607766,0.607766,0.331913,8.137e-05,0.680990,3.38
1207,0.542590,0.542590,0.259293,1.418e-05,0.632794,3.23
1204,0.678778,0.678769,0.437808,3.491e-05,0.736238,3.63
1205,0.626085,0.626085,0.347298,4.493e-05,0.695765,3.61
1208,0.489413,0.489443,0.227933,1.001e-04,0.595152,3.07
1209,0.444129,0.444129,0.197064,3.217e-04,0.561180,3.21
1220,0.541916,0.342591,0.342591,1.136e-06,0.610324,3.21
1221,0.500923,0.295753,0.295753,1.910e-04,0.572049,3.42
1228,0.639727,0.639718,0.555166,2.677e-05,0.736554,3.43
1229,0.594473,0.594453,0.470634,3.497e-05,0.697654,3.35
1216,0.712334,0.581723,0.581718,2.514e-04,0.743878,3.39
1217,0.661993,0.491772,0.491719,3.414e-04,0.702799,3.64
1218,0.642380,0.458602,0.458610,1.183e-04,0.683169,3.41
1219,0.573927,0.380721,0.380725,1.477e-05,0.638211,3.37
1222,0.457357,0.249688,0.249688,4.159e-05,0.532932,2.93
1223,0.423398,0.218415,0.218415,1.618e-04,0.488806,3.52
1215,0.747682,0.631413,0.631417,2.318e-04,0.772651,4.27
1248,0.523380,0.523380,0.523380,1.967e-04,0.886780,0.80
1249,0.480001,0.480001,0.480001,1.445e-04,0.850007,0.63
1250,0.418038,0.418038,0.418038,4.079e-04,0.800750,0.72
1251,0.407162,0.407162,0.407162,1.358e-04,0.785937,0.72
1239,0.743337,0.674587,0.593382,3.391e-17,0.777778,0.96
1252,0.353381,0.353381,0.353381,1.325e-05,0.746666,0.70
1253,0.316620,0.316620,0.316620,1.967e-05,0.713928,0.65
1230,0.562237,0.562230,0.445723,7.390e-05,0.673873,3.39
1231,0.499445,0.499445,0.355866,6.524e-05,0.630606,3.15
1254,0.295431,0.295422,0.295431,1.705e-05,0.682129,0.57
1255,0.186300,0.186300,0.186284,5.878e-04,0.626465,0.70
1256,0.114544,0.114538,0.114544,4.134e-05,0.598572,0.53
1257,0.037861,0.037861,0.037861,5.207e-16,0.557312,0.56
1258,0.009312,0.009312,0.009312,2.922e-07,0.523071,0.57
1259,0.000000,0.000000,0.000000,2.836e-16,0.490906,0.53
1232,0.430753,0.430837,0.330859,2.240e-03,0.595305,3.17
1233,0.407605,0.407602,0.308415,1.557e-04,0.579056,3.06
1262,0.421881,0.421882,0.421884,5.491e-04,0.799802,0.62
1263,0.403405,0.403405,0.403405,9.723e-04,0.780718,0.63
1264,0.343228,0.343228,0.343228,1.112e-03,0.736084,0.60
1265,0.294106,0.294117,0.294106,8.602e-04,0.696334,0.53
1266,0.279530,0.279530,0.279530,3.414e-03,0.683102,0.59
1267,0.231676,0.231675,0.231676,1.906e-03,0.647340,0.69
1234,0.368195,0.368195,0.295383,6.263e-05,0.535952,2.80
1235,0.317343,0.317343,0.237194,8.783e-05,0.497179,1.93
1260,0.578192,0.578192,0.578192,1.208e-04,0.890747,0.56
1261,0.486534,0.486534,0.486534,2.517e-04,0.855194,0.57
1268,0.132373,0.132992,0.132373,1.008e-03,0.605938,0.66
1269,0.112180,0.112180,0.112180,3.194e-06,0.567642,0.73
1117,0.763590,0.495368,0.495368,3.029e-05,0.848633,3.57
1270,0.058080,0.058625,0.058921,6.769e-04,0.540741,1.32
1271,0.000000,0.000000,0.000000,2.250e-16,0.501251,0.70
1242,0.616460,0.512764,0.372237,1.158e-16,0.668403,0.91
1243,0.567861,0.454829,0.319569,5.919e-05,0.631311,3.38
1274,0.533026,0.533026,0.248847,4.446e-04,0.807808,0.71
1275,0.486201,0.486201,0.217487,3.977e-04,0.774161,0.71
1276,0.431570,0.431570,0.184357,7.513e-05,0.733000,0.81
1277,0.403627,0.403627,0.169925,1.349e-04,0.711688,0.76
1278,0.350331,0.350391,0.141018,5.520e-04,0.674473,0.94
1279,0.286873,0.286873,0.109367,1.282e-05,0.632553,0.66
1244,0.519212,0.395061,0.282400,1.221e-05,0.596698,3.06
1245,0.489936,0.342212,0.253427,2.783e-17,0.569300,1.70
1280,0.152676,0.152676,0.059637,2.549e-05,0.594971,0.66
1281,0.072119,0.072119,0.021189,4.357e-16,0.559509,0.65
1272,0.608500,0.608500,0.299691,2.341e-04,0.870262,0.54
1273,0.591408,0.591408,0.286902,8.049e-06,0.856824,0.55
1282,0.027646,0.027646,0.006427,3.294e-04,0.543823,0.85
1283,0.018182,0.018182,0.004765,2.139e-16,0.497650,0.65
1286,0.600894,0.336012,0.336012,8.166e-05,0.799927,0.59
1287,0.560700,0.299435,0.299435,3.417e-04,0.768586,0.70
1288,0.529030,0.274505,0.274505,8.239e-05,0.746447,0.57
1289,0.464419,0.231169,0.231169,2.199e-04,0.703993,0.78
1240,0.711409,0.630952,0.533547,3.086e-04,0.750597,3.67
1241,0.664808,0.563911,0.452026,1.644e-06,0.710332,3.67
1290,0.417166,0.199292,0.199292,2.106e-04,0.664658,0.65
1291,0.368303,0.159865,0.159865,1.832e-03,0.639702,0.75
1292,0.318143,0.124169,0.124169,1.411e-03,0.608124,0.98
1293,0.100518,0.064376,0.064376,7.491e-10,0.565216,0.84
1294,0.034748,0.009520,0.009520,1.572e-16,0.534180,0.78
1295,0.000000,0.000000,0.000000,1.524e-16,0.492310,0.72
1246,0.454323,0.319666,0.233128,3.944e-06,0.538113,3.07
1247,0.422086,0.285958,0.202804,1.476e-05,0.504141,2.72
1285,0.645995,0.370050,0.370050,6.942e-05,0.836426,0.60
1296,0.663365,0.663365,0.267169,2.205e-05,0.870529,4.27
1297,0.630583,0.630583,0.195865,5.920e-17,0.848221,2.61
1302,0.386031,0.386031,0.089198,2.617e-04,0.671375,6.56
1303,0.318798,0.318798,0.067943,5.488e-17,0.634693,2.82
1298,0.595087,0.595087,0.178662,1.135e-04,0.821304,4.44
1299,0.541581,0.541581,0.151422,2.036e-05,0.777527,4.31
1312,0.590845,0.230841,0.230841,1.742e-04,0.736694,4.26
1313,0.560447,0.209916,0.209916,8.348e-04,0.714218,4.32
1300,0.489917,0.489917,0.130073,5.532e-05,0.740297,5.00
1301,0.467292,0.467294,0.119791,9.459e-05,0.717250,5.62
1304,0.174321,0.174321,0.032664,2.639e-07,0.596589,4.86
1305,0.157753,0.157753,0.029614,2.038e-08,0.573387,4.25
1306,0.024162,0.024162,0.002537,1.218e-04,0.544524,7.65
1307,0.000000,0.000000,0.000000,6.415e-16,0.489421,4.11
1314,0.494393,0.167129,0.167129,8.913e-05,0.670622,4.55
1315,0.438722,0.134468,0.134468,7.788e-04,0.631675,5.21
1316,0.382423,0.109321,0.109321,1.159e-03,0.606625,6.55
1317,0.131073,0.045653,0.045658,1.896e-04,0.563739,7.92
1310,0.680386,0.300173,0.300173,1.198e-05,0.809570,3.99
1311,0.637244,0.264790,0.264790,1.682e-04,0.771622,3.79
1318,0.092412,0.036286,0.036286,2.653e-11,0.543132,6.77
1319,0.000000,0.000000,0.000000,3.159e-16,0.495226,3.23
1322,0.484759,0.484759,0.310311,6.745e-05,0.802917,3.75
1323,0.455563,0.455563,0.290007,6.425e-05,0.779541,4.11
1324,0.393154,0.393154,0.240928,2.858e-04,0.733643,4.47
1325,0.345063,0.345063,0.204522,9.375e-04,0.700984,4.33
1344,0.749480,0.749480,0.749480,7.621e-06,0.879059,0.64
1345,0.661657,0.661657,0.661657,3.497e-17,0.835938,0.24
1328,0.205842,0.205842,0.110737,6.769e-05,0.601213,4.81
1329,0.082176,0.082176,0.042691,1.310e-15,0.566045,3.10
1320,0.602192,0.602192,0.472326,8.455e-05,0.868286,3.74
1321,0.543928,0.543928,0.364953,2.123e-04,0.842285,3.88
1326,0.302989,0.302989,0.176475,5.922e-04,0.666090,4.48
1327,0.251706,0.251706,0.142378,6.989e-05,0.630163,4.11
1330,0.063124,0.063120,0.030748,5.011e-04,0.536160,6.12
1331,0.000000,0.000000,0.000000,1.069e-15,0.507234,3.98
1350,0.370230,0.370243,0.370221,6.295e-05,0.668823,0.56
1351,0.344269,0.344269,0.344277,3.988e-05,0.630005,0.61
1348,0.493989,0.494291,0.494237,4.597e-04,0.740936,0.61
1349,0.421827,0.421827,0.421827,2.497e-05,0.706573,0.70
1346,0.618834,0.618831,0.618856,4.449e-05,0.803406,0.64
1347,0.563667,0.563759,0.563787,1.732e-04,0.782166,0.65
1334,0.645291,0.397681,0.239738,1.535e-16,0.803802,1.08
1335,0.615178,0.367838,0.219607,4.167e-04,0.778442,4.36
1352,0.332971,0.332987,0.332988,2.297e-05,0.614563,0.61
1353,0.300630,0.300630,0.300630,7.482e-05,0.568726,0.50
1354,0.284920,0.284920,0.284920,4.060e-05,0.545837,0.53
1355,0.259367,0.259400,0.259398,2.935e-05,0.504333,0.45
1360,0.537268,0.537217,0.537228,5.485e-04,0.731354,0.61
1361,0.498647,0.498647,0.498891,4.959e-04,0.717804,0.68
1362,0.419225,0.419280,0.419307,8.371e-04,0.664124,0.56
1363,0.395064,0.395065,0.395045,9.575e-04,0.642883,0.55
1356,0.800616,0.800690,0.800683,4.995e-04,0.872192,0.61
1357,0.767451,0.767211,0.767398,1.067e-04,0.853973,0.70
1338,0.478408,0.254774,0.145131,1.444e-04,0.678203,4.89
1339,0.405642,0.202031,0.108499,2.308e-07,0.641904,5.09
1358,0.656716,0.656723,0.657058,3.191e-04,0.801422,0.58
1359,0.603301,0.603161,0.603232,6.031e-04,0.777527,0.51
1336,0.554924,0.314745,0.182691,3.127e-05,0.734741,4.80
1337,0.500107,0.272611,0.157218,4.760e-05,0.695858,4.52
1364,0.331424,0.331521,0.331582,1.075e-04,0.603485,0.56
1365,0.308579,0.308530,0.308579,3.963e-04,0.566284,0.59
1366,0.285059,0.285090,0.285119,5.981e-05,0.536346,0.53
1367,0.264561,0.264582,0.264567,1.536e-05,0.510559,0.52
1372,0.584634,0.584634,0.363151,1.570e-16,0.742188,0.25
1373,0.526395,0.526918,0.292617,7.207e-04,0.713196,0.59
1374,0.457083,0.457082,0.228966,1.075e-05,0.676453,0.71
1375,0.418775,0.418775,0.208206,2.685e-17,0.642578,0.12
1368,0.812583,0.812583,0.699192,6.850e-05,0.881775,0.59
1369,0.740371,0.740271,0.569036,9.752e-05,0.835052,0.59
1370,0.688264,0.688264,0.522787,2.654e-16,0.810547,0.29
1371,0.639900,0.639828,0.431550,9.363e-05,0.775909,0.76
1376,0.392961,0.392963,0.181245,5.552e-06,0.613708,0.66
1377,0.360086,0.360035,0.159466,1.200e-05,0.569977,0.66
1386,0.566884,0.333806,0.333806,4.272e-17,0.683594,0.22
1387,0.503015,0.254247,0.254226,1.220e-05,0.630341,0.70
1378,0.337406,0.337336,0.148956,4.002e-05,0.542755,0.69
1379,0.306448,0.306423,0.140600,1.681e-05,0.508972,0.64
1380,0.841154,0.773925,0.774077,2.967e-04,0.882233,0.59
1381,0.777460,0.666226,0.666192,1.498e-04,0.834808,0.54
1382,0.760870,0.641229,0.641288,1.848e-04,0.822540,0.62
1383,0.699049,0.537409,0.536728,5.047e-04,0.778656,0.62
1332,0.746163,0.528226,0.418529,1.508e-04,0.875366,4.00
1333,0.703354,0.455395,0.289365,1.045e-05,0.850647,4.05
1384,0.652449,0.494224,0.494238,4.051e-04,0.750427,0.73
1385,0.588380,0.377756,0.377867,7.796e-04,0.699036,0.69
1388,0.476514,0.236198,0.236043,4.858e-04,0.600677,0.64
1389,0.449053,0.214058,0.214103,4.579e-05,0.577789,0.97
1340,0.266993,0.131136,0.076823,8.080e-06,0.610632,5.68
1341,0.130440,0.080930,0.038313,1.261e-04,0.561939,7.39
1390,0.403798,0.191777,0.191684,1.687e-05,0.529938,0.70
1391,0.382052,0.180522,0.180510,1.301e-04,0.511261,0.59
1342,0.099227,0.064086,0.030073,1.011e-04,0.541386,7.03
1343,0.000000,0.000000,0.000000,4.483e-16,0.489629,3.55
1402,0.356631,0.356496,0.101433,3.703e-06,0.544967,4.81
1403,0.320332,0.320332,0.090746,3.536e-16,0.506076,2.79
1309,0.722676,0.348896,0.348896,7.436e-05,0.839066,4.10
1404,0.859096,0.759630,0.759630,2.332e-16,0.882812,1.19
1405,0.804471,0.653610,0.653474,1.008e-04,0.840034,4.12
1392,0.833099,0.833123,0.654356,2.718e-05,0.884368,4.22
1393,0.766703,0.766917,0.517225,4.302e-05,0.843189,4.28
1410,0.606490,0.264754,0.265054,1.771e-04,0.674063,4.42
1411,0.556011,0.203334,0.203371,2.606e-05,0.631809,4.89
1408,0.695186,0.441222,0.441872,1.671e-04,0.753644,4.05
1409,0.629375,0.311450,0.311791,7.570e-05,0.696741,4.32
1398,0.476209,0.476185,0.157989,1.984e-05,0.675944,5.32
1399,0.429215,0.429184,0.133654,3.695e-05,0.634476,5.03
1400,0.397497,0.397488,0.118608,1.276e-05,0.595947,5.03
1401,0.368913,0.368913,0.104630,1.525e-05,0.559742,4.79
1394,0.724042,0.724042,0.441999,6.462e-17,0.817708,1.30
1395,0.644756,0.644803,0.320770,1.286e-05,0.765887,4.19
1406,0.776123,0.599072,0.598957,7.064e-05,0.816198,4.14
1407,0.728278,0.508342,0.508399,2.635e-04,0.781476,4.53
1396,0.626933,0.626826,0.301102,2.867e-05,0.753101,4.42
1397,0.545330,0.545245,0.208502,1.811e-04,0.716372,4.76
1412,0.534480,0.184382,0.184360,6.212e-16,0.609158,5.20
1413,0.491103,0.165905,0.165872,7.458e-06,0.566732,4.75
1422,0.447962,0.447962,0.297192,5.140e-17,0.677083,0.88
1423,0.414043,0.414036,0.274363,1.579e-04,0.648456,4.13
1434,0.563296,0.311115,0.201183,2.647e-05,0.669108,4.94
1435,0.543143,0.292728,0.182252,3.640e-17,0.650174,1.08
1414,0.450903,0.143356,0.143341,2.901e-05,0.527163,4.66
1415,0.414149,0.125735,0.125717,1.205e-05,0.490614,4.15
1416,0.803559,0.803202,0.750729,7.450e-05,0.878264,3.64
1417,0.735214,0.735625,0.664165,1.494e-04,0.841046,3.93
1418,0.672873,0.673007,0.593273,2.721e-04,0.812609,3.81
1419,0.637005,0.637068,0.532423,1.765e-05,0.786766,3.88
1420,0.564588,0.564608,0.448771,1.611e-04,0.748463,4.12
1421,0.483060,0.483055,0.326937,1.339e-05,0.706823,4.46
1424,0.361658,0.361918,0.224820,4.092e-05,0.595911,4.35
1425,0.336638,0.336615,0.212371,1.812e-05,0.564724,4.51
1440,0.548139,0.548139,0.548139,6.984e-05,0.869980,0.52
1441,0.524534,0.524534,0.524534,2.260e-04,0.838967,0.58
1426,0.318336,0.318382,0.199665,1.024e-04,0.541947,4.33
1427,0.283488,0.283547,0.189901,5.865e-05,0.507541,3.96
1442,0.495076,0.495076,0.495076,1.145e-04,0.801000,0.57
1443,0.473809,0.473809,0.473809,3.079e-05,0.772813,0.65
1444,0.448844,0.448844,0.448844,5.096e-05,0.739861,0.73
1445,0.432246,0.432246,0.432246,1.427e-05,0.716675,0.68
1428,0.846237,0.777832,0.699041,2.374e-05,0.880742,3.82
1429,0.809340,0.714472,0.627265,1.852e-04,0.854565,4.18
1438,0.432550,0.209335,0.131086,6.430e-06,0.533239,4.45
1439,0.391090,0.184575,0.112660,4.337e-16,0.489583,2.64
1446,0.405735,0.405735,0.405735,9.195e-05,0.679932,0.63
1447,0.361607,0.361627,0.361600,3.528e-05,0.627625,0.64
1448,0.347742,0.347742,0.347742,1.674e-05,0.606628,0.59
1449,0.318154,0.318154,0.318154,4.220e-05,0.560425,0.58
1432,0.659295,0.477422,0.345942,6.505e-05,0.740686,4.26
1433,0.619163,0.411752,0.277401,1.421e-04,0.712999,4.64
1436,0.505501,0.258213,0.161126,1.826e-06,0.611283,5.01
1437,0.464704,0.232019,0.146284,1.523e-05,0.567048,4.93
1450,0.304156,0.304146,0.304148,2.849e-05,0.541809,0.57
1451,0.269815,0.269822,0.269808,2.186e-05,0.501373,0.76
1430,0.740790,0.607323,0.486526,7.739e-05,0.804823,4.12
1431,0.714317,0.557150,0.441122,1.239e-04,0.781946,4.43
1456,0.453473,0.453474,0.453473,1.030e-04,0.746276,0.50
1457,0.423451,0.423451,0.423451,6.352e-05,0.705539,0.51
1458,0.390509,0.390508,0.390508,4.294e-04,0.661116,0.47
1459,0.380369,0.380369,0.380369,1.268e-04,0.645255,0.56
1460,0.343436,0.343434,0.343437,3.935e-04,0.595771,0.72
1461,0.316202,0.316201,0.316202,3.117e-04,0.558414,0.55
1454,0.494862,0.494862,0.494861,2.773e-04,0.802831,0.51
1455,0.467261,0.467261,0.467261,8.796e-05,0.765015,0.58
1462,0.300250,0.300251,0.300248,2.952e-04,0.536979,0.59
1463,0.273343,0.273340,0.273326,3.349e-04,0.507389,0.58
1474,0.349901,0.349906,0.163501,4.945e-05,0.535065,0.75
1475,0.316311,0.316341,0.149619,8.084e-05,0.505127,0.73
1482,0.528692,0.311958,0.311958,8.307e-05,0.666233,0.71
1483,0.504123,0.296449,0.296448,5.204e-17,0.640525,0.24
1472,0.404501,0.404501,0.203581,8.812e-05,0.600098,0.77
1473,0.378145,0.378145,0.186829,2.569e-05,0.567139,0.79
1470,0.458503,0.458503,0.235296,4.924e-05,0.664750,0.70
1471,0.432662,0.432662,0.220953,3.955e-05,0.635010,0.74
1468,0.529662,0.529662,0.277298,2.168e-16,0.749928,0.28
1469,0.497210,0.497210,0.258070,5.951e-05,0.712000,0.71
1466,0.589643,0.589643,0.315826,2.112e-04,0.821075,0.64
1467,0.551641,0.551641,0.291981,1.183e-04,0.776982,0.80
1484,0.477559,0.278597,0.278597,1.091e-04,0.611500,0.75
1485,0.444045,0.256652,0.256598,6.509e-05,0.576050,0.75
1480,0.606342,0.365553,0.365553,9.198e-05,0.751549,0.63
1481,0.566071,0.338273,0.338273,4.742e-05,0.709057,0.66
1465,0.605968,0.605968,0.326752,9.905e-05,0.840790,0.66
1478,0.666284,0.406328,0.406328,4.506e-05,0.816964,0.63
1479,0.638667,0.386947,0.386947,7.436e-06,0.786133,0.56
1486,0.408683,0.232926,0.232926,6.204e-05,0.537109,0.80
1487,0.379680,0.212496,0.212463,8.553e-05,0.505161,0.80
1496,0.428660,0.428660,0.126014,6.494e-17,0.603299,3.61
1497,0.409550,0.409550,0.117424,2.433e-17,0.580729,3.40
1453,0.526618,0.526618,0.526619,1.131e-04,0.844024,0.66
1510,0.461131,0.201267,0.201267,2.502e-05,0.545247,5.24
1511,0.412975,0.169533,0.169533,4.461e-05,0.499625,4.77
1508,0.510474,0.230435,0.230435,4.482e-05,0.597656,4.12
1509,0.473066,0.207817,0.207816,4.525e-05,0.557764,5.11
1506,0.584286,0.268947,0.268947,5.661e-05,0.669189,3.73
1507,0.542848,0.245847,0.245847,1.352e-04,0.627209,3.90
1498,0.367235,0.367143,0.100998,3.537e-05,0.535039,5.63
1499,0.342921,0.342947,0.091704,2.016e-05,0.509512,4.72
1494,0.491510,0.491510,0.151697,3.968e-17,0.672635,6.71
1495,0.471336,0.471336,0.143508,1.575e-05,0.648980,6.72
1489,0.634913,0.634913,0.214121,2.744e-05,0.836487,4.13
1492,0.555197,0.555197,0.177929,4.060e-05,0.744202,4.36
1493,0.519279,0.519279,0.162610,1.012e-16,0.703171,1.41
1504,0.656738,0.310556,0.310556,4.503e-05,0.744202,3.82
1505,0.611991,0.284446,0.284446,1.481e-05,0.697906,3.83
1518,0.435906,0.435906,0.301731,6.237e-05,0.667274,3.97
1519,0.419282,0.419282,0.289973,4.575e-17,0.645864,0.96
1490,0.605899,0.605899,0.200654,6.685e-05,0.803162,4.28
1491,0.592414,0.592414,0.194294,3.922e-05,0.787552,4.27
1502,0.712138,0.343407,0.343407,1.239e-04,0.801559,3.87
1503,0.685036,0.326703,0.326703,1.273e-04,0.773407,3.87
1477,0.689487,0.423698,0.423698,3.595e-05,0.842102,0.59
1514,0.549930,0.549930,0.390555,6.253e-05,0.811279,3.62
1515,0.524000,0.524000,0.370361,2.562e-05,0.778442,3.84
1516,0.489012,0.489012,0.343002,7.182e-05,0.734497,3.78
1517,0.461730,0.461730,0.322109,1.243e-04,0.699524,3.89
1520,0.388977,0.388977,0.268228,6.076e-05,0.608507,4.34
1521,0.361861,0.361861,0.249597,1.477e-05,0.573351,4.93
1532,0.493125,0.307896,0.191827,1.314e-16,0.601562,3.80
1533,0.471667,0.291451,0.180420,1.733e-05,0.579375,6.57
1522,0.332128,0.332128,0.224178,7.379e-05,0.535250,5.28
1523,0.306829,0.306829,0.204844,1.970e-05,0.505250,4.56
1534,0.433345,0.267739,0.158819,1.842e-16,0.546007,3.83
1535,0.391160,0.239002,0.140851,2.091e-05,0.505733,5.04
1513,0.591238,0.591238,0.437222,4.420e-05,0.843506,3.51
1530,0.563088,0.357628,0.225698,7.820e-05,0.674745,4.12
1531,0.516658,0.324176,0.204105,3.299e-05,0.627062,5.32
1528,0.627825,0.404367,0.259104,2.102e-05,0.742981,3.90
1529,0.585754,0.373685,0.237488,6.415e-05,0.699025,4.13
1526,0.681369,0.442259,0.287850,2.385e-05,0.799347,3.89
1527,0.656028,0.423441,0.274332,6.285e-05,0.772278,4.10
1525,0.729096,0.482367,0.316775,4.966e-17,0.849884,1.25
1501,0.745424,0.383409,0.383409,3.285e-05,0.834061,3.41
